pre,level
0.611935679,1
0.493663791,0
0.611935679,1
0.531213949,0
0.591524443,0
0.611935679,1
0.488815475,1
0.597167959,0
0.516462444,0
0.624501038,1
0.541289427,1
0.62398,1
0.599171886,0
0.509188606,0
0.905494062,1
0.605984667,1
0.611935679,1
0.905494062,1
0.579974886,0
0.609095548,1
0.611935679,1
0.629139073,1
0.591592042,0
0.515442785,1
0.514590572,1
0.612746781,0
0.63482445,0
0.583244313,1
0.07101348,0
0.524726585,1
0.631973037,0
0.547951483,0
0.34839875,0
0.20835898,0
0.619766767,1
0.546439282,0
0.523951576,0
0.619766767,1
0.619766767,1
0.578206277,1
0.499424228,0
0.628505493,1
0.905494062,1
0.614334174,1
0.566785143,0
0.630463755,1
0.636797902,0
0.602056499,1
0.521738263,1
0.574700198,0
0.523202822,1
0.587816357,0
0.499641663,1
0.524917516,0
0.530142232,0
0.613316125,0
0.563465683,1
0.616543887,1
0.633450839,1
0.590908988,1
0.522496944,0
0.5688541,1
0.535976715,1
0.588788114,1
0.614525833,0
0.805460837,1
0.805460837,1
0.599111671,1
0.552516261,0
0.605248607,0
0.58551079,1
0.522695165,1
0.506427369,0
0.593052331,0
0.623979908,1
0.62398,1
0.62398,1
0.62398,1
0.56395222,0
0.545953695,1
0.545953695,1
0.611935679,1
0.805460837,1
0.5081283,0
0.631701842,0
0.619766767,1
0.619766767,1
0.571485856,0
0.546240683,0
0.621972616,1
0.586581741,0
0.607002533,0
0.579733504,0
0.506009,0
0.506008977,0
0.51980426,0
0.528847433,0
0.557720925,0
0.722091287,1
0.596105257,0
0.506569702,1
0.506009,0
0.905494062,1
0.614288469,0
0.905494062,1
0.545953695,1
0.905494062,1
0.30651039,0
0.533204316,0
0.805460837,1
0.805460837,1
0.294496658,0
0.539920689,1
0.506009,0
0.32688001,0
0.549672474,1
0.532337068,1
0.38682603,0
0.19583859,0
0.619766767,1
0.622809426,0
0.519363245,1
0.626644522,1
0.619766767,1
0.821753298,1
0.596888375,0
0.595886597,0
0.570391228,0
0.614767974,1
0.540885445,1
0.524587497,0
0.294496658,0
0.619766767,1
0.619766767,1
0.622226475,1
0.587810137,0
0.508312827,0
0.805460837,1
0.4893599,0
0.496320487,0
0.6968463,0
0.905494062,1
0.542163368,1
0.1146621,0
0.4546825,0
0.102974759,0
0.628731755,1
0.550609213,1
0.510811985,1
0.570226396,1
0.805460837,1
0.527150792,0
0.520234911,0
0.294496658,0
0.552396086,0
0.607224543,1
0.562876323,1
0.628657826,1
0.571860021,1
0.54317575,0
0.6028691,1
0.7326692,1
0.547016225,1
0.805460837,1
0.31979278,0
0.516648143,0
0.492888785,0
0.370484258,0
0.294496658,0
0.496821826,0
0.7326692,1
0.7326692,1
0.51138178,1
0.728288341,1
0.31469002,0
0.7326692,1
0.567939278,1
0.1626485,0
0.725728533,1
0.822808117,1
0.619432339,1
0.616177332,1
0.604915946,1
0.7326692,1
0.24374337,0
0.33990482,0
0.6833211,1
0.35870574,0
0.55399432,1
0.313322764,0
0.294496658,0
0.598487745,1
0.633873284,1
0.249335861,0
0.57210115,1
0.635542554,1
0.314562276,0
0.824853365,1
0.735468643,1
0.513187206,0
0.499395752,0
0.618737594,1
0.536562643,1
0.491630618,1
0.562442432,0
0.499407047,0
0.633277575,1
0.510058776,0
0.528955092,0
0.542069969,1
0.538006595,1
0.495685379,0
0.515558912,1
0.576249039,0
0.521986808,1
0.496015528,1
0.609029782,0
0.541110084,0
0.635758265,1
0.538746444,0
0.608567481,0
0.58147079,0
0.550462719,1
0.519291824,0
0.50821036,1
0.617370489,1
0.513768668,0
0.537479572,0
0.636393649,0
0.503537172,1
0.622795097,0
0.622024523,1
0.631843534,0
0.598953791,0
0.629579001,0
0.575118793,1
0.585068459,0
0.61072286,0
0.511727041,1
0.546256707,1
0.581492181,0
0.595816249,1
0.551617889,0
0.611358026,1
0.625201026,1
0.521114323,1
0.503969567,1
0.53821119,1
0.52823796,1
0.614771032,1
0.51025871,0
0.625033068,0
0.613409592,1
0.495682412,0
0.513891851,0
0.615268035,1
0.57683856,1
0.55829974,0
0.612068506,1
0.627523158,1
0.57841075,1
0.530683281,0
0.612682802,0
0.511931068,1
0.50071844,0
0.569521538,0
0.636064557,0
0.61355363,1
0.541240326,0
0.50872383,0
0.537602957,0
0.556878822,0
0.509358628,0
0.52225082,0
0.586467432,1
0.572403893,0
0.494910288,0
0.564740897,1
0.631481771,1
0.612894235,1
0.522576295,1
0.588181514,1
0.616668198,1
0.522529155,1
0.639067595,0
0.535958814,1
0.527575291,1
0.524753985,0
0.602412671,1
0.533845408,1
0.54747507,0
0.623563776,0
0.516689633,0
0.512755803,1
0.60102922,0
0.506232276,1
0.626676013,1
0.551526747,0
0.550332199,0
0.558399473,1
0.604515986,0
0.51746904,0
0.505370668,0
0.555973118,1
0.497171466,1
0.53076195,0
0.545993346,0
0.508050926,0
0.491594219,0
0.582151773,1
0.564124343,0
0.559593417,1
0.531955037,1
0.612774915,0
0.630661687,1
0.508333031,0
0.575916168,0
0.495419262,0
0.533635022,1
0.51285796,1
0.51621358,0
0.526584236,0
0.514963045,1
0.530955361,1
0.553785017,1
0.567207426,1
0.521305704,0
0.628085127,1
0.498457587,0
0.597090658,0
0.516565926,1
0.527671659,1
0.558093502,0
0.55784293,0
0.592370572,0
0.531332292,1
0.544709368,0
0.544321228,1
0.517886418,1
0.616939876,1
0.518247408,0
0.541548302,1
0.613497685,1
0.497407326,0
0.559590122,1
0.577111721,0
0.507650079,1
0.527842937,0
0.501725855,0
0.630055414,0
0.512915212,1
0.5849693,0
0.582160814,1
0.560426588,1
0.591685917,1
0.619081917,1
0.603500827,1
0.542668768,0
0.607459379,1
0.53495897,0
0.542672383,0
0.549440893,0
0.499778661,1
0.62216054,0
0.605284326,1
0.579838253,0
0.597716737,1
0.630674996,0
0.515993995,1
0.518824235,0
0.588597985,1
0.612868194,1
0.522950391,1
0.623302963,0
0.591769604,1
0.513824447,0
0.596806684,0
0.508226331,1
0.51124157,1
0.568939904,0
0.524054845,0
0.565938746,0
0.514763736,1
0.617091931,1
0.551143959,1
0.6317604,0
0.621544096,1
0.529728972,1
0.566783543,0
0.622424631,1
0.51414503,0
0.625122391,0
0.62635544,1
0.590224494,1
0.555930314,1
0.511947539,0
0.49739765,0
0.505379952,1
0.491856242,1
0.573426395,0
0.619202331,1
0.561313001,0
0.616672123,1
0.565897522,1
0.559372121,1
0.604336115,1
0.495368499,0
0.618053902,1
0.619095278,1
0.514686156,1
0.569706992,0
0.513373361,1
0.600608166,0
0.58188311,1
0.631110947,0
0.518332848,0
0.520173653,0
0.502331104,0
0.598880022,1
0.508619209,1
0.498660314,0
0.565195018,0
0.602647351,0
0.565748858,0
0.590591925,0
0.589892518,1
0.590805342,0
0.52018913,0
0.607048284,1
0.627988118,0
0.539688375,1
0.511871268,0
0.5951969,0
0.546991292,1
0.592585607,0
0.530673645,0
0.528740811,0
0.537228546,0
0.621624013,1
0.516075131,0
0.533505625,0
0.59360199,1
0.524475783,1
0.581700464,1
0.602757153,1
0.520767657,1
0.638657835,1
0.569437095,1
0.606793168,0
0.634601716,1
0.526930545,1
0.501395524,1
0.583736553,1
0.623320126,1
0.543566363,1
0.550474313,1
0.523890636,1
0.501341575,0
0.51264353,0
0.497139673,1
0.50851414,0
0.506832189,1
0.563669923,1
0.529039438,1
0.560206727,0
0.56292282,0
0.60537463,0
0.565934498,0
0.553849896,0
0.594643278,0
0.55794669,1
0.511044645,0
0.532997103,1
0.524833257,0
0.520987378,0
0.570068596,1
0.575437602,1
0.537442861,1
0.564874641,1
0.580201401,1
0.497927593,1
0.515960071,1
0.543167296,0
0.618018447,1
0.592771224,1
0.605205698,1
0.606491147,0
0.516743719,0
0.556933865,0
0.53245015,0
0.587437538,1
0.624655842,1
0.624647969,1
0.610544956,1
0.629819623,1
0.54651498,1
0.548944927,1
0.506681259,1
0.624454528,0
0.557723004,1
0.622881756,1
0.595563403,0
0.544417196,1
0.494342558,0
0.500581508,1
0.568543249,0
0.512871623,1
0.532784429,1
0.626871695,0
0.569908987,1
0.506539853,0
0.626748949,0
0.531553032,0
0.598901757,1
0.522597269,1
0.543409992,0
0.584047368,0
0.582127851,1
0.499004852,0
0.513626967,1
0.516729564,1
0.593419736,0
0.580863974,0
0.497579643,0
0.563940109,1
0.550526161,0
0.600900532,0
0.617947641,1
0.503213505,1
0.611789041,0
0.522058929,1
0.634637846,1
0.509491801,0
0.571332744,0
0.534350861,1
0.633008386,1
0.573324747,1
0.617159855,1
0.618131821,1
0.632387601,0
0.628063689,0
0.535523145,0
0.61559172,1
0.62743787,0
0.50587154,1
0.547988297,1
0.533632783,1
0.520108211,0
0.616075147,1
0.62377256,1
0.504909686,1
0.592453698,1
0.582263517,1
0.564795138,1
0.596446215,1
0.565138222,1
0.534978795,0
0.543062917,0
0.542936495,0
0.503589861,1
0.570247735,1
0.513843288,1
0.578045342,1
0.530027073,1
0.634410673,0
0.531565965,0
0.514001447,1
0.624702741,0
0.53712112,1
0.604739245,1
0.569171864,1
0.594925274,0
0.575741232,0
0.544159362,0
0.581330586,0
0.590777256,0
0.588986493,1
0.600847402,0
0.580797324,1
0.610710167,1
0.584598035,1
0.599399237,0
0.506460283,0
0.633987655,0
0.535743438,1
0.626987804,1
0.588442617,0
0.623634284,1
0.558076042,0
0.622408062,1
0.601156575,1
0.497784332,1
0.607189176,0
0.609417034,0
0.577435168,1
0.602105541,0
0.492063873,0
0.587930756,0
0.542871599,1
0.58164042,1
0.518086471,0
0.580892266,0
0.583665227,0
0.551169255,1
0.570808021,0
0.633663129,0
0.528128084,1
0.568299504,0
0.564407065,1
0.537756735,1
0.575419025,0
0.587693276,0
0.502949917,1
0.605246427,1
0.632438685,0
0.584650903,1
0.507811039,0
0.544215273,0
0.593110903,1
0.534338852,0
0.603161529,1
0.560597078,0
0.624711035,1
0.61940025,1
0.573347043,1
0.632920522,0
0.571042693,1
0.505679319,1
0.532534528,0
0.59529709,0
0.510780608,1
0.55222429,0
0.567579362,0
0.553534922,1
0.608163686,1
0.548730267,0
0.614381187,0
0.570188446,0
0.547571697,1
0.612190633,0
0.542730444,0
0.637130426,1
0.596776714,1
0.634609217,1
0.571458015,1
0.559279402,1
0.572917137,1
0.548427133,1
0.530410538,0
0.63363099,0
0.620272768,1
0.533363443,0
0.536698002,1
0.530361597,0
0.508571577,1
0.527901677,1
0.596520339,1
0.507781517,1
0.487621321,1
0.620587849,0
0.612484374,1
0.591716951,0
0.595953668,1
0.528793074,1
0.498952637,1
0.509375772,0
0.577019376,1
0.574140501,0
0.622643862,1
0.625962348,0
0.602273386,0
0.535481258,0
0.627226165,1
0.603227573,0
0.524837579,1
0.534674691,0
0.513717551,0
0.502702685,1
0.608162499,1
0.561945518,0
0.617084755,1
0.569041548,0
0.614277246,1
0.503062318,1
0.627960111,0
0.59067941,0
0.560245476,0
0.558103034,0
0.619893115,1
0.532955792,0
0.496477897,0
0.544618535,0
0.625188388,1
0.517342997,1
0.537994545,1
0.584990982,1
0.631228277,1
0.632891133,1
0.625587829,1
0.508253093,0
0.537884506,0
0.50485808,1
0.495368601,1
0.533507351,1
0.621931349,1
0.561029283,0
0.510540215,1
0.578500507,1
0.610138156,0
0.494390483,1
0.595766322,0
0.580827822,0
0.491582868,0
0.505279062,1
0.599148459,0
0.520987518,1
0.581267743,0
0.556863087,1
0.508593209,0
0.577624014,1
0.574294493,0
0.52434018,1
0.513200841,0
0.516304986,0
0.533657108,0
0.55542594,0
0.5174296,1
0.623740857,1
0.559696229,1
0.498586691,0
0.519573297,1
0.494083086,1
0.610608379,0
0.567086708,1
0.532127424,1
0.49701121,1
0.613073538,1
0.63241075,0
0.610107344,0
0.619468878,0
0.586540984,1
0.631710494,0
0.59428388,1
0.505426914,1
0.626428365,0
0.526987378,0
0.619287355,0
0.552743221,1
0.623132202,1
0.5204993,1
0.549312611,1
0.51052376,1
0.554701554,1
0.550496089,1
0.58421896,1
0.510433302,0
0.632529604,1
0.559372894,1
0.517188725,0
0.567569316,1
0.565590529,1
0.550609346,1
0.608249906,0
0.497128284,0
0.578708915,0
0.527448596,1
0.534136986,0
0.522590677,0
0.493457058,0
0.630938357,1
0.611993112,1
0.558319452,1
0.541081064,0
0.613270446,1
0.498342964,1
0.500290316,1
0.564491036,1
0.534718624,1
0.504080146,1
0.51411304,0
0.571126289,1
0.621194032,1
0.59910002,0
0.550291851,1
0.576892589,1
0.503211801,0
0.525783899,0
0.603031384,0
0.544246678,0
0.605000999,1
0.576190377,1
0.517339387,1
0.625567205,1
0.526251125,0
0.592171456,0
0.484515281,0
0.524216719,1
0.593531484,0
0.55389347,1
0.517431645,0
0.525818399,0
0.502429988,1
0.533094246,1
0.62843326,0
0.606661606,0
0.531497116,0
0.631613666,0
0.512300826,0
0.547264948,1
0.505562663,0
0.574374478,1
0.518224371,1
0.492081846,0
0.635150343,1
0.609292805,0
0.498893269,0
0.5413362,0
0.496010004,1
0.51928009,1
0.633935702,1
0.526965344,1
0.540235575,1
0.547493996,1
0.613121399,0
0.521405548,0
0.612585736,0
0.529200478,1
0.629335769,0
0.527643898,1
0.607726277,0
0.609348374,0
0.552257307,0
0.530194976,1
0.58222052,1
0.578884175,1
0.566318475,1
0.601076096,1
0.58044258,0
0.606494188,1
0.541459744,0
0.544688217,1
0.538128588,1
0.507293988,1
0.599421441,0
0.587809859,0
0.565318786,0
0.50698721,0
0.554486507,1
0.506443876,0
0.548563654,1
0.508286553,0
0.529878325,0
0.549996931,0
0.497118679,0
0.49816905,0
0.556482173,1
0.577650391,0
0.557405272,0
0.522217251,0
0.580643886,0
0.562076762,1
0.534106159,1
0.491566655,0
0.522629801,1
0.511598853,1
0.60050928,1
0.617964145,0
0.55228422,1
0.532619793,0
0.589679433,0
0.50228757,1
0.578616638,0
0.5697067,1
0.496257114,1
0.612537185,0
0.511497042,0
0.534334528,1
0.506057941,0
0.504493754,0
0.631796687,1
0.52634456,1
0.630529207,0
0.618183374,1
0.599278146,1
0.51486998,1
0.59390476,0
0.566025459,1
0.52578471,1
0.531959332,0
0.619033091,1
0.552576324,0
0.518555329,0
0.532557618,0
0.606755382,1
0.612304022,1
0.509849489,0
0.622930139,0
0.503704586,0
0.608628836,1
0.555501646,1
0.497095657,1
0.589571308,1
0.490599662,0
0.599744931,1
0.507002302,0
0.577769438,1
0.560184175,0
0.6338344,1
0.546697937,1
0.524674823,0
0.540382857,1
0.595435594,0
0.585890789,1
0.599074043,0
0.598457598,0
0.597232331,0
0.496605846,1
0.577825324,1
0.498917388,0
0.592100869,1
0.599026653,0
0.541307354,1
0.590527438,0
0.627581222,0
0.607105204,0
0.569118932,1
0.596897627,1
0.558201477,0
0.502935957,0
0.557962293,1
0.553505426,1
0.616364174,0
0.54490402,0
0.581988584,0
0.607339755,0
0.495970556,1
0.568150618,0
0.574863647,1
0.548557296,0
0.623250102,0
0.600118651,0
0.542187766,0
0.616737614,1
0.61446437,1
0.626923533,1
0.602929302,1
0.554204372,0
0.563041266,0
0.521525927,0
0.58209221,0
0.497941071,0
0.50173059,0
0.634032465,0
0.541977876,1
0.624963965,0
0.612658208,0
0.517564132,0
0.606684484,0
0.562447363,0
0.580789508,1
0.589611829,1
0.54221301,1
0.546553648,1
0.523748581,0
0.539109691,1
0.612779702,0
0.544836453,0
0.540278813,1
0.631766033,0
0.619834175,0
0.573503477,1
0.498388911,1
0.602136947,1
0.520203619,0
0.636275139,0
0.624372439,0
0.531392056,1
0.527252373,1
0.544135341,0
0.575092926,0
0.561248766,1
0.620354791,0
0.561517258,1
0.552955835,1
0.556669043,1
0.497986178,1
0.621615435,1
0.614829092,1
0.519528254,0
0.592510792,0
0.508994531,0
0.582222899,0
0.501286135,0
0.618622215,1
0.502730559,0
0.539819969,1
0.563713632,0
0.511553453,0
0.614570015,1
0.544117438,1
0.591511496,0
0.552234012,0
0.50783278,1
0.535142583,1
0.496561926,0
0.542815872,1
0.635579141,0
0.614790012,1
0.605968198,0
0.575615868,1
0.51384663,1
0.50243588,1
0.525397624,0
0.522561813,0
0.54493117,1
0.515415078,1
0.613594961,1
0.578737331,1
0.623736979,1
0.511840171,0
0.617078614,0
0.586073888,0
0.634077228,1
0.513781977,0
0.538679338,1
0.563731018,0
0.589410905,1
0.523460435,0
0.635883038,1
0.49118441,0
0.521738889,1
0.630294511,1
0.546090083,1
0.568954037,0
0.538371902,1
0.497279183,0
0.524057885,0
0.520805146,1
0.539541989,0
0.587720741,1
0.543875687,1
0.54049003,1
0.563583225,0
0.496088523,1
0.569208684,0
0.588223262,1
0.50411282,0
0.537436036,1
0.545843057,0
0.623495778,1
0.490555227,1
0.499194383,1
0.548776967,1
0.520169253,1
0.573611997,1
0.524339032,0
0.52381312,1
0.495738002,1
0.5703506,0
0.570972048,0
0.58376676,1
0.516724578,0
0.605140627,0
0.533462828,0
0.61514946,1
0.606241373,0
0.57032757,0
0.622368721,0
0.614141301,0
0.618682203,1
0.588568765,0
0.528499286,1
0.535831688,0
0.622801071,0
0.518028952,1
0.509509035,0
0.624938428,0
0.569926152,0
0.563388326,1
0.593420472,0
0.579781879,0
0.510487845,0
0.545949082,0
0.633465001,0
0.510830969,1
0.559052909,1
0.53809739,0
0.521845024,0
0.578634524,1
0.61092091,1
0.518689762,1
0.613881517,1
0.616527726,1
0.559601727,0
0.501261089,0
0.509747378,1
0.507708875,0
0.524346271,0
0.520375305,0
0.60888209,1
0.585713314,1
0.583649491,1
0.529070325,0
0.534173925,0
0.525608101,1
0.62215388,1
0.530627115,1
0.56260006,0
0.507650035,0
0.503132907,0
0.561877573,0
0.542619437,1
0.625522144,0
0.579042098,0
0.529440528,0
0.530088732,0
0.514689456,0
0.604755255,0
0.626430237,0
0.497953807,1
0.540781653,0
0.605152889,1
0.49699652,0
0.548680721,1
0.499959429,1
0.571971067,1
0.630646627,0
0.501739635,0
0.512208141,1
0.618902421,1
0.531528879,0
0.578771321,0
0.579144212,0
0.527643493,0
0.542178576,0
0.523121049,1
0.531732547,1
0.632200029,0
0.593055504,0
0.576669637,1
0.621575148,0
0.534194783,1
0.49463184,0
0.601165929,1
0.539801053,1
0.515087536,1
0.632093559,1
0.578418337,0
0.513498072,1
0.512482999,0
0.557746953,1
0.584448206,0
0.555824677,1
0.592757889,0
0.580885565,1
0.498049336,0
0.629732467,0
0.553058035,1
0.530627634,0
0.596867264,1
0.631296736,1
0.612713464,0
0.513285365,1
0.589910838,0
0.576728326,1
0.628221687,1
0.597358077,1
0.535676387,0
0.531411069,1
0.553528686,0
0.509889542,1
0.632714126,0
0.53606361,0
0.537794498,1
0.494656798,1
0.600679059,1
0.495188782,0
0.521990756,1
0.587220631,1
0.60602619,1
0.572272988,0
0.603399432,0
0.515299146,1
0.519367733,0
0.524980442,1
0.539919025,0
0.501768411,1
0.619140366,1
0.578912731,0
0.513531135,1
0.630016382,0
0.563168085,1
0.63455924,1
0.495604956,1
0.582405475,1
0.541779576,0
0.573535541,1
0.627740911,1
0.596253766,1
0.503330721,0
0.614778921,0
0.589874927,0
0.632505046,1
0.604557583,1
0.539367096,0
0.504581365,1
0.55670676,0
0.541677781,0
0.513595826,0
0.545964175,1
0.584399542,1
0.534024484,0
0.527301443,1
0.569728351,1
0.5312827,1
0.53976351,0
0.52997197,0
0.516935176,1
0.503215351,0
0.585616383,0
0.496004552,0
0.503096754,1
0.509325303,1
0.570541026,1
0.632864408,0
0.579339031,1
0.609217016,1
0.596477902,0
0.533842212,1
0.590681303,1
0.561834613,0
0.592354863,0
0.574336451,0
0.610021431,0
0.530405249,1
0.529261888,0
0.630064375,1
0.564055549,1
0.635445526,1
0.529892263,0
0.518810218,0
0.616789533,1
0.495382286,1
0.617587254,0
0.582647451,0
0.623401513,1
0.525103442,0
0.557926975,0
0.516816352,0
0.528674277,0
0.608689949,0
0.495406318,0
0.605748933,0
0.590323881,0
0.562243541,0
0.624531903,1
0.551588422,1
0.598127992,0
0.586681606,0
0.583091943,0
0.505250395,1
0.575013172,1
0.524518131,0
0.519235879,0
0.622573849,0
0.589044191,1
0.60878124,1
0.564771786,1
0.61056225,1
0.526927732,1
0.611730036,0
0.608020194,1
0.532060516,1
0.541371002,1
0.54685845,1
0.545521515,1
0.607098263,1
0.53108446,0
0.496296591,0
0.533306209,0
0.630311131,0
0.495941863,0
0.575824028,0
0.592547153,0
0.525411636,1
0.602744938,1
0.545297706,1
0.533659697,1
0.598005376,0
0.57624802,1
0.571141103,0
0.609606536,0
0.618619911,0
0.538490689,0
0.604221795,0
0.502896433,0
0.504038759,0
0.572878195,0
0.632461828,1
0.56950781,0
0.628562269,0
0.494827951,0
0.541855103,0
0.521162076,0
0.526432029,0
0.509489025,1
0.570468247,1
0.5803606,0
0.62265777,1
0.511397328,1
0.632328118,0
0.58298134,1
0.582875618,0
0.580417779,0
0.612754932,0
0.53477775,0
0.6343366,1
0.512886681,1
0.607005142,0
0.525048419,0
0.588573435,0
0.537617142,0
0.590124597,1
0.516818377,1
0.527674237,0
0.549091224,1
0.636376496,1
0.525092569,1
0.521592739,1
0.553053791,1
0.614597382,0
0.509737781,0
0.585824011,0
0.498116692,1
0.535696173,1
0.504382536,0
0.557311042,0
0.543106339,1
0.539073699,1
0.538960939,1
0.527481623,0
0.606977126,0
0.544167622,0
0.569915432,0
0.594776831,0
0.52631939,1
0.615726928,1
0.572091995,1
0.621047005,1
0.587898887,1
0.503854972,0
0.555032159,0
0.55428005,0
0.595878442,1
0.55074679,0
0.555860529,1
0.501754582,1
0.634767982,1
0.514556425,0
0.587548416,0
0.505074637,1
0.576994083,0
0.540464386,1
0.571065478,0
0.557077706,1
0.540676655,0
0.496582893,0
0.522720721,1
0.517184617,0
0.624637255,1
0.577097613,1
0.520119034,1
0.537537021,1
0.622715243,1
0.566205485,1
0.618072531,0
0.628147556,0
0.537113788,1
0.597678062,1
0.537462948,1
0.506833349,1
0.594959168,0
0.491758405,0
0.598882326,0
0.622131551,1
0.617125917,0
0.572040605,1
0.555844085,1
0.491436107,0
0.555538649,0
0.518857065,0
0.564312372,1
0.510467875,0
0.510262673,0
0.54586408,1
0.579961207,0
0.628186093,0
0.632812159,0
0.616880052,0
0.601056588,1
0.525091372,1
0.525195189,1
0.514528031,1
0.554138354,1
0.601693048,0
0.582218747,1
0.608106446,1
0.570362193,0
0.518948218,1
0.494205145,1
0.531848291,1
0.60114072,0
0.504949128,0
0.58899439,1
0.498541193,0
0.533915331,1
0.494994251,0
0.500106048,0
0.502732681,0
0.574406428,1
0.549609966,1
0.504716792,0
0.503551151,0
0.512085019,0
0.513419929,0
0.552638795,1
0.619486359,1
0.533263902,0
0.498788313,0
0.515932467,0
0.595466122,1
0.595493921,0
0.582207762,1
0.512613071,0
0.502552808,1
0.540395872,1
0.515174961,1
0.509468019,1
0.526433771,1
0.563265864,0
0.49402797,0
0.596974447,0
0.564061812,1
0.523860854,0
0.593597053,1
0.613626443,1
0.630507552,0
0.586964734,0
0.623053644,0
0.613269551,1
0.53981623,0
0.498090144,1
0.544549095,1
0.575049409,0
0.495598577,0
0.500947702,1
0.587679968,1
0.530306908,0
0.622281445,0
0.497495156,0
0.592559844,0
0.601788771,0
0.537098939,1
0.503489449,0
0.622051901,1
0.576866197,0
0.533235904,1
0.563206277,1
0.595680411,0
0.550474391,1
0.595181405,1
0.500559819,1
0.608549195,0
0.496368831,0
0.505626797,0
0.534105796,1
0.593792761,0
0.520570036,0
0.509693936,0
0.512402733,0
0.516602423,0
0.622700729,1
0.592459135,1
0.623246488,0
0.526743125,0
0.629615377,1
0.522190317,0
0.508932805,1
0.634476557,1
0.526760224,0
0.582217058,0
0.524163226,0
0.611465108,1
0.602406043,1
0.560259817,0
0.60873181,0
0.587875792,0
0.633584767,1
0.635222456,1
0.605163722,0
0.544182372,0
0.499396121,1
0.546563412,1
0.619397061,0
0.503650663,0
0.549842335,1
0.623328969,1
0.577008658,0
0.62494375,0
0.507852873,0
0.609131095,0
0.538898986,1
0.526023329,1
0.62330906,1
0.513995289,0
0.558148795,1
0.624392076,1
0.51667752,1
0.531834302,0
0.512117898,1
0.581904035,0
0.493639546,0
0.503751025,1
0.633873764,0
0.606591855,1
0.5704183,0
0.623254993,0
0.555337978,0
0.628145436,1
0.631457336,0
0.532943005,0
0.568192242,0
0.546856994,0
0.587489221,1
0.50849975,1
0.560400252,1
0.505934351,1
0.572253013,0
0.622673127,1
0.588144706,0
0.568724184,0
0.513069436,1
0.599472846,0
0.611866811,1
0.585684176,0
0.611683292,1
0.627603322,1
0.593816201,1
0.54727139,0
0.600554786,1
0.568552885,1
0.536935455,1
0.505687655,0
0.611954675,0
0.549028837,1
0.512198353,0
0.563123266,0
0.511111386,0
0.612171748,1
0.562379523,0
0.630587113,1
0.542452227,1
0.4995108,1
0.52816561,0
0.560034068,1
0.624467194,0
0.527232522,1
0.532025276,0
0.500336275,1
0.529912779,0
0.540866333,1
0.593751416,1
0.613774802,0
0.539423946,1
0.516237106,1
0.595372182,0
0.49794631,0
0.521015771,0
0.572066707,1
0.630315491,1
0.609608451,1
0.585108911,0
0.58746115,0
0.511360011,0
0.611214664,0
0.516685403,0
0.531102785,1
0.591322349,0
0.492805923,1
0.525558607,1
0.634729293,0
0.542819478,0
0.505683294,0
0.595879841,0
0.601635562,0
0.530183127,1
0.597096856,1
0.545929343,0
0.506574265,0
0.618127448,0
0.613366077,0
0.582663767,0
0.517770321,1
0.628343127,0
0.568641593,1
0.602086673,0
0.605043632,0
0.570184908,0
0.492084005,1
0.568182532,1
0.587535803,0
0.49342047,0
0.511290557,0
0.568196436,1
0.578436437,1
0.630779046,0
0.560134197,0
0.565120476,1
0.62686404,1
0.577225737,0
0.551689385,0
0.541978266,0
0.589736243,0
0.611875426,1
0.567388209,1
0.620958382,1
0.501898495,0
0.614590283,1
0.496175593,1
0.561276003,1
0.608817559,1
0.507655366,1
0.595964479,0
0.59094115,1
0.551185946,1
0.55353078,1
0.528800966,0
0.635310396,1
0.544294289,0
0.53840527,1
0.633872432,0
0.627504331,0
0.547106283,0
0.567898966,1
0.624062697,1
0.579181104,1
0.491770837,0
0.605201631,1
0.501194996,0
0.527910863,1
0.61957214,0
0.549327083,1
0.615653343,1
0.496284375,1
0.590856782,1
0.52203108,0
0.511684847,0
0.602578406,0
0.5519091,1
0.559885694,1
0.561617552,1
0.529539408,1
0.562363086,0
0.602960663,0
0.511826343,0
0.493076981,0
0.524463806,1
0.621336272,0
0.529284956,0
0.521963692,1
0.625267217,1
0.544848231,1
0.526265237,0
0.56917253,1
0.631026509,1
0.590973548,1
0.559482623,0
0.624962572,1
0.501511229,1
0.621680178,0
0.505193375,0
0.612062045,1
0.578417838,0
0.611222928,0
0.588218099,1
0.629794617,1
0.53630412,1
0.502440347,1
0.601347432,0
0.576261154,0
0.620328498,0
0.532472313,1
0.556356492,0
0.616634696,0
0.558833259,0
0.522195447,1
0.621453594,1
0.591070484,0
0.619510158,0
0.580069381,1
0.551424895,0
0.543793954,0
0.57982868,0
0.552825152,1
0.594271169,1
0.621554312,0
0.539017322,1
0.561676639,1
0.599598198,1
0.514467393,1
0.555462435,0
0.594000346,0
0.559041421,1
0.507334948,1
0.504393615,0
0.538795138,0
0.54587696,1
0.561404404,0
0.502714769,0
0.527875766,1
0.536399215,1
0.525165535,0
0.62937577,0
0.564316922,0
0.531059098,1
0.561933326,0
0.600953846,0
0.61132833,0
0.562171058,0
0.552782704,0
0.505582231,0
0.588904509,0
0.616216394,1
0.531130799,0
0.503500575,1
0.5215061,1
0.610875032,1
0.581560778,1
0.557551604,1
0.51426708,1
0.575518448,1
0.602570635,0
0.531513761,1
0.541371785,1
0.605390532,0
0.508259525,1
0.613049422,0
0.608885567,0
0.626769692,1
0.494591828,1
0.619797815,0
0.510946499,0
0.555484862,0
0.577892749,0
0.601325735,0
0.503057557,1
0.514143905,0
0.629971645,0
0.595212919,0
0.575587508,0
0.555640967,1
0.523349094,0
0.537926215,1
0.557001744,0
0.555567538,1
0.543103785,0
0.610289093,1
0.613352785,1
0.572334481,1
0.533276523,1
0.532820551,0
0.56336322,1
0.516304986,0
0.62548824,1
0.553106308,1
0.55821245,1
0.634663149,1
0.601628826,0
0.505993496,1
0.534425774,1
0.53801539,1
0.542925763,0
0.541177495,1
0.630864422,1
0.562790077,0
0.596408583,1
0.492232976,1
0.561107111,0
0.627345678,1
0.506705775,0
0.508830462,1
0.533102056,0
0.586826456,1
0.619411692,1
0.527060185,0
0.518488671,1
0.561598333,1
0.518256597,1
0.613943696,0
0.635634106,1
0.595243489,0
0.589175845,0
0.50217303,1
0.633674264,1
0.514227295,0
0.628518719,0
0.506470196,0
0.607345684,1
0.600215739,0
0.528674916,1
0.62309788,1
0.534370393,0
0.546320238,0
0.535578757,1
0.550714175,0
0.503881437,1
0.572522899,1
0.496247269,0
0.626924083,1
0.525436729,0
0.601516649,0
0.502666028,0
0.573554661,1
0.540917376,1
0.625189961,1
0.521915442,0
0.613822115,1
0.505467229,0
0.511614174,1
0.502047311,0
0.536826689,0
0.618990012,0
0.585334167,0
0.570902923,1
0.615088226,0
0.557239812,1
0.558657306,1
0.559437696,0
0.542588358,0
0.580645707,1
0.622441122,1
0.53646932,1
0.612370476,1
0.498259331,0
0.565829201,1
0.512806569,0
0.55764471,0
0.599283593,0
0.572103698,0
0.62566594,1
0.555457559,0
0.586420255,0
0.496856341,0
0.558515185,1
0.491437742,1
0.522262378,1
0.533769883,1
0.536123156,1
0.55314682,0
0.5159263,1
0.629158581,1
0.554636043,1
0.53817775,0
0.579753775,1
0.536518329,0
0.614093322,1
0.618051195,1
0.518914086,0
0.562425951,0
0.573820923,1
0.57681481,0
0.572608349,1
0.625623392,1
0.560572017,1
0.52560022,0
0.58802264,1
0.609236432,0
0.549347822,1
0.58931094,1
0.579942999,0
0.504558698,1
0.570470502,0
0.491272639,0
0.51366494,0
0.546218803,0
0.623896606,1
0.591085245,0
0.595895826,1
0.499450815,0
0.498152272,0
0.630446305,1
0.591569044,1
0.606629421,0
0.521136397,0
0.577640586,0
0.523125057,1
0.579688299,1
0.511706329,1
0.607175296,1
0.502245616,0
0.549859498,1
0.50864745,0
0.627439937,0
0.629453589,0
0.519732115,1
0.496212926,1
0.558723291,1
0.600499363,0
0.490910189,1
0.605534942,1
0.556108671,0
0.550652242,0
0.584126639,0
0.558002583,0
0.634695437,0
0.570788792,1
0.630370874,1
0.592438219,0
0.576442933,1
0.545896746,0
0.535055083,1
0.635183717,0
0.506544539,1
0.555630149,1
0.63453528,0
0.542280819,0
0.535715205,0
0.586886339,0
0.599823885,0
0.58798023,1
0.526437517,1
0.491747658,0
0.564769193,1
0.501986672,0
0.505729312,1
0.5221904,1
0.602503316,1
0.541173163,1
0.632073315,1
0.5574608,1
0.549161183,0
0.632770928,1
0.502419501,0
0.611311914,1
0.560939269,0
0.580177761,0
0.540698691,0
0.54054753,1
0.557148487,1
0.566333297,1
0.539154118,1
0.544009674,1
0.593046638,0
0.560366183,0
0.611769823,1
0.512445569,1
0.53310021,1
0.63184497,0
0.540385972,0
0.518747275,0
0.595891041,1
0.523679363,0
0.54544528,0
0.609480284,0
0.529213543,0
0.593162706,1
0.574934004,0
0.528500625,1
0.613558004,1
0.565129033,0
0.600013164,1
0.551509845,0
0.623991915,0
0.499815547,0
0.62805425,1
0.601075299,0
0.547680819,1
0.518545273,1
0.527837705,1
0.514361312,1
0.606275257,1
0.580671706,1
0.60824669,1
0.602420265,0
0.548347826,1
0.593565244,0
0.528602533,0
0.557685247,0
0.522595865,0
0.501676368,0
0.497324491,0
0.602968124,0
0.554167474,1
0.53151007,0
0.620442022,1
0.52104487,1
0.584765125,0
0.540054354,0
0.500822143,0
0.520431972,1
0.515095771,0
0.588723656,0
0.627942434,0
0.592494571,1
0.524005961,0
0.558026424,1
0.630891463,1
0.609537885,1
0.628568777,1
0.504593591,0
0.548394674,0
0.538434516,1
0.633296099,1
0.561876698,1
0.518993323,0
0.559747701,1
0.525328634,1
0.555386343,0
0.573140328,0
0.625756098,1
0.587825082,0
0.499041219,0
0.504492841,1
0.613429413,1
0.627562242,1
0.557736126,0
0.568434681,0
0.529426459,1
0.624774654,0
0.557864616,0
0.628575531,1
0.615204246,1
0.526628284,1
0.574964064,0
0.592371668,0
0.633312065,1
0.53150286,1
0.503173121,1
0.614189866,1
0.525549746,0
0.61485169,1
0.572102735,1
0.588357941,0
0.558626556,0
0.630678832,1
0.615796071,1
0.58423431,0
0.577573316,0
0.570940971,0
0.634488161,1
0.517707303,0
0.552211446,0
0.635318418,1
0.56359992,0
0.628873238,1
0.614283941,1
0.534468983,1
0.497000676,0
0.580661568,0
0.503145393,1
0.563150415,1
0.505760148,0
0.62592733,1
0.57139074,0
0.547646892,1
0.546482338,0
0.526626674,1
0.513664709,0
0.61019088,1
0.544236802,0
0.630646518,1
0.497035219,1
0.625552501,0
0.495270188,1
0.603166594,1
0.604717105,0
0.524376164,1
0.632084146,0
0.599644147,0
0.500633777,1
0.617732155,1
0.566498136,1
0.617890131,0
0.630427588,1
0.615684331,1
0.502585905,0
0.634859925,0
0.503824443,1
0.541746161,1
0.604069418,0
0.58828569,1
0.533994293,1
0.614511699,1
0.626543964,1
0.595822034,1
0.496410024,0
0.486131225,1
0.56378352,1
0.568907235,1
0.543441785,1
0.58954212,0
0.507387986,0
0.53595624,0
0.581191626,0
0.616237379,0
0.598522923,0
0.502306758,1
0.615237866,1
0.584772901,0
0.628792994,0
0.569398946,1
0.50374766,1
0.539246318,1
0.607828791,0
0.542496833,1
0.59639136,0
0.627592639,1
0.577337578,0
0.494909067,0
0.603766702,0
0.586435787,0
0.54687431,0
0.565245246,1
0.589688605,0
0.591934129,0
0.593449527,1
0.537652002,0
0.498514834,0
0.57792809,0
0.623078628,0
0.547804891,1
0.57041955,0
0.614293918,0
0.629427799,1
0.624997742,1
0.603509324,1
0.556674862,0
0.563724832,0
0.533327249,0
0.611338776,0
0.561127766,1
0.593653845,1
0.602376906,0
0.612093462,1
0.605837926,1
0.532123071,1
0.608637727,0
0.534907348,1
0.547114104,1
0.603320293,1
0.525877724,0
0.524124348,1
0.561410963,0
0.638178213,0
0.632525378,1
0.532768353,1
0.539584733,1
0.559055795,1
0.521281858,1
0.633086162,1
0.510536486,1
0.594863335,1
0.54299988,1
0.53135784,1
0.612857197,1
0.508445399,1
0.520985059,0
0.619868292,0
0.538485757,0
0.569413642,1
0.616562263,1
0.619476699,0
0.616160989,1
0.532747377,0
0.491609811,1
0.623270358,1
0.593029928,1
0.57476418,1
0.495397224,1
0.569598418,1
0.559245358,0
0.615376405,1
0.576317441,0
0.484260968,0
0.579727743,1
0.500572773,1
0.494879318,0
0.625125809,1
0.557302737,1
0.564962646,0
0.535451466,1
0.537124587,1
0.600304115,0
0.551520795,0
0.55554175,1
0.51432879,1
0.584304997,0
0.533771321,0
0.593921416,0
0.510926166,0
0.545512397,0
0.499021742,1
0.545329224,1
0.513547863,1
0.596577937,0
0.63337524,1
0.546228567,0
0.622118428,0
0.498337662,0
0.565972701,1
0.546187392,0
0.525633364,0
0.532404439,0
0.520874107,1
0.590130122,0
0.543289366,0
0.55179325,1
0.526182619,0
0.504212704,0
0.620070476,0
0.548221618,1
0.593422368,1
0.561652185,0
0.510282039,1
0.560928448,1
0.592391987,0
0.624039834,1
0.491254569,0
0.555048366,0
0.570281109,1
0.534571653,0
0.577999592,1
0.59898746,0
0.627239318,1
0.608165596,1
0.510642727,0
0.574401308,0
0.536979379,0
0.565545962,0
0.577470531,0
0.545786239,0
0.609597536,0
0.49972719,1
0.562591489,0
0.526153971,1
0.543383986,1
0.617121213,0
0.591825406,0
0.598135751,0
0.513012384,0
0.587881107,0
0.597251354,0
0.550203739,1
0.54571443,0
0.603234741,1
0.563244976,0
0.633199688,1
0.609233934,0
0.503142156,0
0.532745369,0
0.523735711,0
0.53975576,0
0.62131228,0
0.627165168,0
0.540011303,1
0.589370794,1
0.515048175,1
0.62377967,1
0.502166309,0
0.594607857,0
0.619082458,0
0.593197867,1
0.593786243,0
0.49480068,1
0.521091446,1
0.589583538,0
0.50006694,0
0.620154102,1
0.505602079,0
0.571511062,1
0.631280174,0
0.590622374,0
0.512352306,1
0.493681062,0
0.539803682,1
0.631490142,1
0.522039593,0
0.600098399,0
0.627556169,1
0.591563317,1
0.558817735,0
0.530178761,0
0.52460628,0
0.608659991,1
0.545581215,1
0.572804577,0
0.580429065,0
0.608295119,0
0.59177085,1
0.52505059,0
0.635114772,1
0.535535769,1
0.52819834,0
0.533931088,0
0.621180092,1
0.624511036,0
0.499939392,1
0.626826691,1
0.495464867,0
0.585623431,0
0.633699316,1
0.637573623,0
0.499194383,0
0.507751431,1
0.532605572,1
0.594896652,1
0.504995677,0
0.608641817,0
0.574830619,0
0.568154401,1
0.537339992,0
0.576319901,0
0.619151632,0
0.586392366,0
0.566543667,0
0.583839209,1
0.598999214,0
0.502828857,0
0.51912061,0
0.554218216,1
0.580207507,0
0.52355098,1
0.578523333,0
0.613092357,1
0.56387449,0
0.542634379,1
0.510314163,0
0.527124122,0
0.510092239,0
0.522624079,1
0.625028089,0
0.497862721,0
0.500985932,0
0.537582789,1
0.60865521,1
0.61075103,1
0.622134966,0
0.614124292,1
0.492904827,0
0.602958708,0
0.585734147,0
0.57575869,0
0.510750637,0
0.599745141,1
0.565696564,1
0.63338748,0
0.533184296,1
0.553206918,1
0.530188632,1
0.546596492,0
0.540685355,1
0.630989951,1
0.620813443,0
0.608503645,0
0.550647741,1
0.531449262,1
0.540039201,0
0.629361104,0
0.566276335,1
0.511602074,0
0.629584238,0
0.520847746,1
0.631807627,0
0.612703552,1
0.629345029,0
0.580810126,0
0.500442374,0
0.631815473,1
0.611322653,0
0.537844272,0
0.530691973,0
0.578322195,1
0.614659969,1
0.577421492,1
0.549168614,0
0.627589916,1
0.606775765,1
0.539211992,0
0.563581099,1
0.622228232,1
0.600747008,1
0.536706307,0
0.489746154,0
0.62671123,0
0.552150717,0
0.520994694,0
0.622594925,1
0.54907209,1
0.522899385,1
0.58418509,0
0.53259448,0
0.618135337,1
0.502999606,1
0.608993855,0
0.581235022,1
0.594806897,1
0.506058143,0
0.495733357,0
0.537217862,1
0.542295994,1
0.587314717,0
0.526872157,0
0.577104374,1
0.578753572,1
0.54717572,1
0.562178471,1
0.564284039,0
0.563238898,0
0.516282824,0
0.494397167,0
0.611275989,1
0.57371692,0
0.545077991,1
0.605381309,0
0.51168088,1
0.58465181,1
0.539909227,0
0.585704293,1
0.514178227,0
0.590517094,1
0.519562251,0
0.630674346,0
0.553441955,1
0.507704495,0
0.522946379,1
0.556552212,1
0.542380757,1
0.625807574,0
0.584384606,0
0.515366536,0
0.525288112,1
0.530215013,0
0.630712524,1
0.543382918,1
0.539097892,0
0.514682397,0
0.519432599,0
0.604368154,1
0.631042757,0
0.552790351,0
0.614456737,0
0.553292641,1
0.620616871,0
0.52435697,1
0.55961282,0
0.616806919,1
0.600386332,1
0.502411145,0
0.541302618,1
0.6242239,1
0.575473848,1
0.557919873,1
0.574346288,1
0.510527831,1
0.500339059,1
0.59747227,0
0.635413811,0
0.613609375,1
0.58315693,0
0.565237033,1
0.505249832,0
0.555413636,0
0.58759591,0
0.540515544,0
0.525202746,0
0.508788065,0
0.625365013,1
0.507752385,1
0.56728661,1
0.490694512,0
0.514616492,0
0.602764419,0
0.577562795,0
0.62638739,0
0.538125953,1
0.528009377,1
0.495691744,0
0.500862991,0
0.630504342,1
0.537373529,1
0.611847274,0
0.552887667,1
0.617789635,1
0.591720233,1
0.509657597,1
0.632964239,1
0.617318894,1
0.518416715,1
0.63188846,1
0.633344569,0
0.518258764,0
0.626234134,1
0.621999107,1
0.600836212,1
0.636202022,0
0.62411826,0
0.561747561,1
0.516649596,1
0.51787079,1
0.591296806,0
0.532456678,1
0.499390408,1
0.592713958,0
0.529649626,0
0.502367376,0
0.623124059,0
0.496585157,1
0.511991326,0
0.554020517,1
0.588866659,1
0.512387584,0
0.594707667,1
0.602894441,1
0.529267927,1
0.532213908,0
0.495298236,1
0.564154528,1
0.59759817,1
0.495073719,1
0.604031629,1
0.634631551,1
0.510768651,0
0.554327788,1
0.516078449,0
0.561449602,0
0.591010024,0
0.572666352,0
0.556128576,0
0.525144056,0
0.523823589,0
0.541713526,1
0.536604391,1
0.603278083,1
0.517990975,0
0.611925128,0
0.525194615,0
0.544360205,0
0.598085841,1
0.523952838,0
0.534846846,0
0.50233933,0
0.558241802,1
0.595456554,0
0.60983216,0
0.51920783,1
0.574647927,0
0.598862615,0
0.550839063,0
0.551874498,0
0.622926259,1
0.635610981,0
0.536177178,0
0.567464117,0
0.612841727,1
0.57224749,0
0.613584003,0
0.49604385,0
0.610371021,0
0.597346609,1
0.527833751,1
0.490497112,1
0.490951868,1
0.53814126,0
0.549252596,0
0.584499542,1
0.533002475,1
0.630127474,1
0.630798838,0
0.551052388,1
0.579194579,0
0.531654777,1
0.580110384,0
0.587099037,1
0.539286779,1
0.544003464,1
0.560457479,0
0.590292827,1
0.541778495,1
0.611859135,1
0.585903827,0
0.499191466,1
0.559230674,1
0.534415483,1
0.599185205,1
0.599734414,0
0.515413893,0
0.630427389,0
0.505538268,1
0.524286258,1
0.615142597,0
0.496605361,0
0.595299194,1
0.521135309,1
0.623052624,0
0.625887517,1
0.618785214,0
0.527109803,1
0.531998949,1
0.507888665,0
0.613123224,1
0.493131747,0
0.55684002,0
0.622641116,1
0.61147402,1
0.544879564,1
0.542280284,0
0.503423084,1
0.505453504,0
0.616347656,1
0.629417369,1
0.539567608,1
0.560450024,1
0.62332096,1
0.613587272,1
0.524013235,0
0.55913211,0
0.541933872,1
0.504873213,0
0.630563165,0
0.549619249,1
0.577609977,0
0.579859398,1
0.517144733,1
0.506886622,1
0.501409441,1
0.621127058,1
0.552873408,1
0.527473428,0
0.531523342,1
0.546220846,1
0.539489151,1
0.497415911,0
0.505446604,0
0.510095817,0
0.575517001,1
0.551239682,1
0.606858518,0
0.609092966,0
0.561070086,1
0.620953578,0
0.500597706,0
0.49034612,0
0.515072473,0
0.494775093,1
0.604631877,0
0.498796054,0
0.568565416,0
0.554261989,0
0.603680655,0
0.502242085,0
0.503003441,1
0.579514576,0
0.607202096,1
0.62598866,0
0.501089881,1
0.595768107,0
0.546011742,1
0.560574282,1
0.600273215,0
0.586007634,0
0.627480475,1
0.569297708,0
0.555624721,1
0.565028018,0
0.611693564,1
0.495112216,0
0.617161001,1
0.545996577,0
0.528649201,0
0.544966981,1
0.620188084,0
0.627565105,1
0.62032177,0
0.578640161,1
0.591684519,0
0.492049397,0
0.509228352,1
0.631944946,0
0.536151206,0
0.568525181,0
0.615739492,1
0.558278177,1
0.54713505,0
0.618828594,1
0.550138696,0
0.547857933,0
0.50062366,0
0.587918331,0
0.548389643,0
0.505715967,0
0.511648442,1
0.600846261,0
0.539942721,1
0.599083932,0
0.5374097,0
0.56058085,1
0.55291982,1
0.531896506,1
0.615046062,1
0.561193415,0
0.496186512,1
0.499331023,0
0.633551023,0
0.501495761,1
0.562541165,1
0.576154138,0
0.522128799,1
0.493844448,1
0.601024541,0
0.553375386,0
0.503691795,0
0.505036608,0
0.602684562,0
0.590283342,0
0.515326468,0
0.619966618,1
0.502573945,1
0.515410716,1
0.513949212,1
0.520061932,0
0.615739649,0
0.559057589,0
0.53486447,1
0.626156473,1
0.563406062,0
0.564181849,0
0.577184262,0
0.619459425,1
0.51619704,1
0.52290266,1
0.538272832,1
0.579675511,0
0.530404451,1
0.501079109,0
0.577699364,1
0.580707202,0
0.499821854,0
0.63238386,0
0.625417043,0
0.613944722,0
0.515180286,0
0.580896264,1
0.631562896,1
0.529090846,0
0.622903233,0
0.540232275,0
0.497589514,1
0.592101292,1
0.513283929,0
0.551554308,1
0.496418969,0
0.508131827,0
0.586507624,1
0.599375518,1
0.60023297,0
0.582522004,0
0.546380687,1
0.503072288,0
0.535474452,0
0.562232846,1
0.526951936,1
0.631352461,1
0.571922513,0
0.563720899,1
0.500066721,0
0.527975289,0
0.527712478,1
0.509070931,1
0.601312943,0
0.527251528,1
0.571960943,1
0.561048733,0
0.629027511,1
0.504314828,1
0.622292015,1
0.620539891,1
0.616419045,1
0.522708953,0
0.53763338,1
0.55666729,1
0.516948198,0
0.541446164,0
0.563075579,1
0.507903129,0
0.52766337,0
0.513482488,1
0.60067712,0
0.580487349,0
0.565735223,1
0.611738799,1
0.566271784,0
0.541372457,1
0.503292236,0
0.545028691,1
0.614652179,1
0.577810875,0
0.494791429,1
0.602686736,0
0.538331345,0
0.598528631,0
0.631642115,1
0.539741434,0
0.49545574,0
0.572856344,0
0.505336258,1
0.525847152,1
0.556415291,1
0.63237115,1
0.58407918,0
0.516139034,0
0.583897398,0
0.518541152,0
0.550215698,0
0.567100806,0
0.573244458,1
0.497295765,1
0.511159636,1
0.527395633,1
0.60939391,1
0.588294656,0
0.603388947,1
0.590648853,0
0.563920904,1
0.631446125,0
0.537744171,0
0.507481047,1
0.552821668,1
0.624093341,1
0.571299708,0
0.617129492,1
0.497816021,1
0.495445877,0
0.497784812,0
0.528964568,0
0.629065371,0
0.511361186,0
0.538379381,0
0.568834984,0
0.508095477,0
0.627531113,0
0.622422909,1
0.63589652,0
0.618470774,1
0.523089199,1
0.546377931,1
0.555029121,1
0.518149135,0
0.602702255,1
0.565556137,1
0.547516215,1
0.526147726,1
0.601064795,1
0.581830185,0
0.50809708,1
0.626428383,0
0.594478899,0
0.58971839,1
0.530384669,0
0.493324234,1
0.514762591,1
0.510076577,1
0.513306271,1
0.633701053,1
0.556066439,1
0.555543949,1
0.589601858,0
0.592827834,0
0.545410263,1
0.576817182,0
0.585252388,0
0.570908513,1
0.5503502,0
0.635345747,1
0.523878938,1
0.527630669,0
0.610705011,1
0.626892082,1
0.502183373,0
0.591555826,1
0.506396931,0
0.502124012,0
0.539002291,0
0.585871724,1
0.541099982,0
0.621120179,0
0.605037964,1
0.497523849,1
0.502646362,1
0.536543001,0
0.522482657,0
0.631800062,1
0.629090994,1
0.592134952,1
0.55916013,1
0.621139515,1
0.514088745,1
0.567686706,1
0.51258083,1
0.557717738,0
0.539149786,1
0.524252361,1
0.505795255,0
0.591551786,0
0.579486123,0
0.496323458,0
0.516679767,1
0.509883483,1
0.515845129,0
0.605656599,0
0.627342977,0
0.497351913,1
0.560264002,0
0.551966672,1
0.559805086,1
0.532888506,1
0.538614718,1
0.512956308,0
0.510863637,1
0.578555923,1
0.597844954,1
0.501296776,0
0.625418918,1
0.497008083,0
0.598784736,0
0.503023241,1
0.58248754,1
0.624536845,0
0.579553878,0
0.62968891,1
0.501395794,1
0.529245936,0
0.506615902,1
0.528688078,0
0.531413504,0
0.494803715,1
0.544906843,1
0.508214901,0
0.5418882,0
0.538610771,1
0.512194644,1
0.600031417,0
0.594598872,0
0.632445715,1
0.56469569,0
0.523493068,0
0.553237801,1
0.582841703,1
0.571404502,1
0.550323235,0
0.56001915,0
0.516971163,1
0.593675549,0
0.623002739,1
0.58358887,1
0.607836418,0
0.632252332,1
0.56027448,1
0.507964665,0
0.50125676,1
0.575946358,0
0.587165475,0
0.555458704,1
0.508137639,0
0.575262157,1
0.607159351,0
0.615170295,1
0.581912155,0
0.590790107,1
0.588447967,1
0.596329773,1
0.57545707,1
0.573568036,1
0.6193297,0
0.50424304,0
0.588514703,0
0.511010789,1
0.523744634,0
0.509170387,1
0.524580403,0
0.498308097,1
0.500658453,0
0.526805703,1
0.496142239,1
0.529875594,0
0.526762455,1
0.625080318,1
0.538618395,1
0.523193223,0
0.604472575,0
0.59589417,0
0.580754399,0
0.552892843,0
0.616459214,0
0.504212515,0
0.520868915,0
0.627475821,1
0.567805131,1
0.593476867,1
0.615082971,1
0.500749361,0
0.625579987,1
0.573105762,0
0.525035016,1
0.537196043,1
0.574543793,1
0.583744444,0
0.563367128,0
0.543275536,1
0.560163999,1
0.580213878,1
0.53097385,1
0.582930695,1
0.561541892,0
0.555479272,1
0.598727672,1
0.510347545,1
0.61099449,1
0.542522448,0
0.615336708,1
0.568260425,1
0.535016762,0
0.500143635,1
0.558217052,0
0.575771849,1
0.529080258,1
0.579596493,1
0.549073398,0
0.508542858,0
0.492898274,1
0.604049517,0
0.603575686,0
0.627556419,0
0.614874757,0
0.497157432,0
0.503478257,1
0.530781123,0
0.601791149,0
0.506975787,0
0.538647028,0
0.512357382,0
0.569630759,1
0.613521772,0
0.504763862,0
0.624638085,1
0.590046895,0
0.556783692,1
0.588402047,1
0.567005189,1
0.604049736,0
0.598636801,0
0.604721377,0
0.600005247,1
0.626083587,0
0.500252133,0
0.54676605,0
0.542022545,1
0.621262114,1
0.511139504,0
0.565465815,0
0.519809993,0
0.618806647,0
0.513952905,1
0.598593136,0
0.554384927,0
0.601331225,0
0.521989361,0
0.604044654,1
0.580482362,0
0.525037978,0
0.540044458,1
0.520318802,0
0.560864353,1
0.526877709,1
0.622659917,1
0.521305392,1
0.605025223,1
0.522413091,0
0.534352499,0
0.600984712,0
0.573703518,1
0.613766858,1
0.51836797,1
0.509999347,0
0.55000868,1
0.553135643,1
0.61786368,0
0.555650644,1
0.622167818,0
0.504347551,0
0.534218593,0
0.527846502,1
0.562379823,1
0.535555971,0
0.50180032,1
0.506606532,0
0.498042401,0
0.558276177,0
0.599424589,1
0.620353308,0
0.596654476,1
0.528263134,0
0.532375178,0
0.562981604,1
0.562925579,1
0.520825559,0
0.541542083,0
0.499781381,0
0.573463828,0
0.63297854,1
0.61421284,1
0.5511065,1
0.598114254,0
0.632839081,0
0.611833633,1
0.605540589,1
0.523152411,0
0.579487961,0
0.611455192,0
0.622809205,1
0.527993273,1
0.525846231,0
0.568848242,1
0.57304217,1
0.503943758,1
0.552747764,1
0.507622574,1
0.619650344,0
0.502763717,1
0.510268248,0
0.537995529,1
0.629624656,0
0.606125304,0
0.503863557,1
0.542640312,1
0.580241688,0
0.573791135,1
0.601234969,0
0.61432569,0
0.562315878,1
0.529796284,0
0.593350126,1
0.528419854,1
0.495566041,1
0.538631382,0
0.535942862,1
0.527895422,0
0.553329879,1
0.497151526,1
0.573242371,0
0.620707693,1
0.504730688,1
0.519564012,1
0.611462053,0
0.507647272,0
0.633594316,0
0.507147172,0
0.609208345,1
0.548432084,0
0.594198562,0
0.551522837,1
0.589468186,0
0.497543465,0
0.530963018,1
0.62999467,0
0.492842035,0
0.524595415,0
0.624537947,1
0.533300538,0
0.574063138,1
0.604501267,0
0.580094048,0
0.6172991,1
0.531827694,0
0.538908786,0
0.50673096,0
0.543140844,1
0.622331096,1
0.533247771,0
0.631210415,0
0.63608813,1
0.551467412,0
0.510439685,1
0.57733699,1
0.61217869,0
0.5176058,0
0.522765743,0
0.624748306,1
0.560930856,0
0.637044449,1
0.504408697,1
0.592599966,0
0.634299802,0
0.563423887,0
0.499007716,0
0.532999641,1
0.540663632,0
0.583610473,1
0.603482319,1
0.538347322,1
0.560629913,0
0.565542914,0
0.529697892,0
0.535194774,0
0.5764053,0
0.636069948,0
0.541898992,1
0.541777287,1
0.553858892,1
0.558179557,1
0.518693282,0
0.571295785,1
0.60074372,0
0.501283966,0
0.637920739,0
0.627962414,0
0.577796602,1
0.494911514,0
0.53901424,1
0.561501751,1
0.622203472,0
0.513110435,1
0.596436398,0
0.571072486,1
0.623728538,1
0.50678204,0
0.531887876,0
0.572246506,0
0.517453721,0
0.61445839,0
0.495910196,0
0.516339122,1
0.541622777,0
0.516484065,1
0.570854113,0
0.501541041,1
0.582536928,1
0.506499658,1
0.544272281,0
0.587174347,0
0.495206627,1
0.564154643,0
0.49922311,0
0.564758345,1
0.496638744,0
0.589042235,0
0.546673473,1
0.560142039,0
0.582364306,1
0.508303833,0
0.544460256,1
0.603535915,0
0.552868739,1
0.632063449,0
0.509711501,0
0.558446487,0
0.601861793,0
0.562324414,1
0.620513598,0
0.618876722,1
0.615491849,0
0.501417318,1
0.580501727,0
0.49971275,0
0.61582203,1
0.522470674,1
0.569298411,1
0.571243696,1
0.52736342,1
0.51288397,1
0.541081845,0
0.599510909,0
0.609748032,1
0.636863237,0
0.604193298,1
0.583363143,1
0.516978773,1
0.575114161,1
0.502070994,1
0.486727297,0
0.63200277,1
0.500869061,1
0.618486652,1
0.502073855,0
0.57353377,1
0.513746378,1
0.566019613,1
0.502836619,0
0.552135806,0
0.590764766,1
0.604992544,0
0.501123775,0
0.55716223,1
0.501864825,1
0.581398843,0
0.535667852,1
0.625636837,0
0.562508468,1
0.505103751,0
0.629817343,1
0.589375574,0
0.510872362,0
0.580294799,0
0.590175274,0
0.533265345,0
0.579919215,1
0.633006999,1
0.499593465,0
0.612207239,0
0.59643012,0
0.581424788,1
0.603500114,1
0.616974821,1
0.546102902,1
0.605025497,1
0.601408619,1
0.590944029,0
0.595000733,0
0.556127095,1
0.543310212,1
0.50726348,0
0.528114626,1
0.550474744,0
0.6095521,1
0.565546046,1
0.514724284,1
0.516039646,0
0.526662859,1
0.615890737,0
0.504717534,0
0.498987678,0
0.571024677,1
0.619142011,1
0.5395402,1
0.524022017,1
0.577358847,0
0.629045837,1
0.621002418,1
0.526397343,1
0.555563814,0
0.526960467,0
0.593199158,0
0.628970101,1
0.514609909,0
0.560373551,1
0.598268933,1
0.526816894,1
0.571947688,1
0.609269253,1
0.607401547,1
0.54549519,1
0.533710025,1
0.597372938,0
0.5193693,1
0.633612601,1
0.51475668,1
0.513811585,0
0.536726879,1
0.601059317,1
0.561053907,1
0.544288112,0
0.574061796,0
0.624753928,1
0.545067673,0
0.510007791,1
0.605069726,0
0.51461275,1
0.565445988,0
0.578367518,1
0.583711057,0
0.526112593,0
0.523431503,0
0.532888819,1
0.589873188,1
0.51031066,1
0.517853604,1
0.614612864,0
0.604782012,1
0.521524122,1
0.524920255,1
0.519820976,1
0.574605928,1
0.519987428,1
0.530252634,0
0.505292717,1
0.600926379,0
0.546349788,0
0.505851209,0
0.608218581,0
0.604447747,0
0.596092815,0
0.524684838,0
0.619433467,0
0.613079594,0
0.550757908,0
0.581399763,0
0.502099861,1
0.559224561,0
0.531879531,1
0.54417772,0
0.55736781,0
0.627690079,1
0.627834961,0
0.564870483,1
0.570754099,1
0.495130969,1
0.492554226,1
0.551213863,0
0.551336584,0
0.511315823,0
0.493834245,0
0.513577984,1
0.509007816,1
0.616127906,1
0.561265875,1
0.495920797,0
0.513268607,1
0.559481305,0
0.524978499,1
0.600034474,0
0.580211269,0
0.509340449,0
0.619045298,0
0.524489655,0
0.55190095,0
0.62825227,1
0.553712841,0
0.562940974,0
0.560040902,1
0.635350815,1
0.567239149,1
0.605176911,1
0.526957175,1
0.504272212,0
0.492691507,0
0.635168157,0
0.550811845,0
0.632505222,0
0.598876364,0
0.545696208,0
0.49766936,1
0.564461714,1
0.611855053,1
0.538902742,0
0.536405795,1
0.617955162,1
0.558613943,1
0.520256773,0
0.628435427,1
0.510542399,0
0.530029807,0
0.555314642,0
0.528915077,1
0.53376904,1
0.5179418,1
0.549953059,1
0.594983211,0
0.629753799,0
0.608258317,0
0.592610354,0
0.547056558,1
0.485120629,1
0.506709347,1
0.494904457,1
0.5078597,1
0.594267529,0
0.499467205,1
0.550065078,0
0.505105095,1
0.516141489,1
0.527388577,1
0.606222439,0
0.61018463,0
0.59500658,0
0.591248202,0
0.566683235,1
0.624002842,1
0.533890171,0
0.548984909,1
0.605650279,0
0.556671554,1
0.579550378,0
0.597171363,1
0.590485291,0
0.498302591,0
0.539111931,1
0.504027158,1
0.540925156,1
0.497963022,0
0.505770985,1
0.596317107,1
0.518804308,0
0.508843535,1
0.510153631,0
0.518846367,0
0.58279223,0
0.61351642,0
0.494834971,0
0.58387837,1
0.554055339,0
0.545704403,0
0.558448842,0
0.572013588,1
0.55796596,1
0.535689449,1
0.517549017,1
0.520814132,1
0.525283289,1
0.553898096,1
0.607585368,1
0.548564777,0
0.621441092,1
0.534603833,0
0.525131518,0
0.538973833,0
0.510108378,0
0.607008487,0
0.630247649,1
0.599780641,1
0.510726784,1
0.547805025,0
0.632749218,0
0.554971938,0
0.564732242,1
0.539352012,0
0.597352057,1
0.511792138,1
0.629692909,1
0.616012945,0
0.539839168,0
0.497534173,0
0.608710509,0
0.55889755,0
0.522189844,1
0.604005444,0
0.620830207,1
0.534778,1
0.616984925,0
0.524307008,1
0.513703198,0
0.567097298,0
0.630929416,1
0.528240065,1
0.552455938,0
0.522810826,0
0.54005678,0
0.594703177,1
0.523925859,1
0.549046285,1
0.623930536,1
0.600206383,0
0.628744895,1
0.58388558,1
0.499963018,0
0.636638534,0
0.554384964,1
0.507499474,1
0.597294755,0
0.623290989,0
0.629019479,0
0.520294684,0
0.587607054,0
0.504152394,1
0.533473106,1
0.501965274,1
0.498061951,0
0.621466904,1
0.558931454,0
0.549114751,1
0.561992791,0
0.572546967,0
0.553656727,1
0.630591646,1
0.601013927,1
0.582119495,1
0.629818074,1
0.57779916,0
0.502379827,0
0.631702254,1
0.599710407,0
0.617877728,1
0.570358089,1
0.550501072,1
0.506874874,0
0.571897009,1
0.578121789,0
0.637125276,0
0.629982885,1
0.516466963,0
0.614180759,1
0.548127559,1
0.607417978,0
0.633823616,0
0.601501286,1
0.606085332,0
0.611551846,1
0.563194949,0
0.521926755,0
0.61997717,1
0.522825032,0
0.573674423,1
0.521947118,1
0.582662409,0
0.628831291,0
0.486231883,0
0.621567696,0
0.497247547,0
0.542177029,0
0.594985246,0
0.62957792,0
0.605507821,0
0.604215396,0
0.596794446,1
0.502405267,0
0.521188288,1
0.574572559,0
0.498186025,0
0.553984935,0
0.505474362,1
0.516440804,0
0.634583522,1
0.603285734,0
0.543146958,0
0.580428659,0
0.614680164,0
0.540295789,1
0.599143447,1
0.63201679,0
0.583099345,0
0.498749461,0
0.538101505,0
0.597732761,0
0.609560539,1
0.559802441,0
0.562543558,1
0.547475256,0
0.612563827,1
0.580413681,0
0.527053554,0
0.585725641,1
0.592459515,0
0.503256402,1
0.624428768,0
0.528104487,0
0.626626043,0
0.595771142,0
0.567996058,0
0.599803572,0
0.576405841,0
0.595370419,0
0.625027105,1
0.505436615,0
0.493975029,1
0.626643465,0
0.507654885,0
0.594924017,0
0.548664512,1
0.512683542,1
0.511763427,1
0.553472698,0
0.626710778,0
0.5642906,1
0.631294427,0
0.514986295,1
0.567995864,0
0.508838117,0
0.50325444,1
0.616831061,1
0.524067122,1
0.630674233,1
0.508075002,1
0.519434481,1
0.513814599,0
0.498985687,0
0.571943509,1
0.54864884,0
0.520075867,0
0.600247335,0
0.538150256,1
0.537497402,1
0.628968644,1
0.634404508,1
0.526962411,0
0.495037724,0
0.519335371,1
0.619648727,0
0.560910624,0
0.493304294,0
0.560465922,0
0.615144616,1
0.580438266,0
0.540083084,1
0.613717337,0
0.58540516,1
0.509458779,1
0.565224076,0
0.509175196,0
0.491336473,0
0.60985281,0
0.599550281,0
0.633487213,0
0.517240665,0
0.568666032,0
0.521594708,0
0.586337163,0
0.603890854,0
0.595032645,1
0.502784495,0
0.516020585,1
0.497355696,0
0.493677534,0
0.502416272,0
0.506145683,0
0.578624042,1
0.563216371,1
0.604993533,1
0.524461045,1
0.607967004,0
0.610692671,1
0.50720338,1
0.562387436,0
0.577532561,0
0.539081184,1
0.517351081,0
0.490813563,1
0.623937866,1
0.583142889,0
0.597551437,1
0.593277262,0
0.632528324,0
0.614877453,1
0.526584236,0
0.507589299,0
0.604561039,0
0.544267829,0
0.537798632,0
0.518634065,1
0.54412791,1
0.583549578,0
0.516220009,0
0.564198781,0
0.548223123,0
0.49773447,0
0.607813981,0
0.513444868,1
0.497814443,0
0.62176093,0
0.63642941,0
0.495897049,0
0.580014977,1
0.549232006,0
0.55446896,1
0.600336258,0
0.509635664,1
0.593569342,0
0.525557278,0
0.558694742,0
0.607029329,0
0.497686347,0
0.501705934,0
0.590349482,1
0.530515385,0
0.500678851,1
0.497750538,0
0.550681545,1
0.546560507,1
0.629958819,0
0.557891807,1
0.527961288,0
0.49652701,1
0.50610013,0
0.50244774,0
0.617453782,1
0.498043631,0
0.629813109,0
0.632863934,0
0.532559788,0
0.521109844,1
0.610755386,1
0.633393777,0
0.531471566,0
0.623458875,1
0.575054747,1
0.588877805,0
0.517742635,0
0.573626525,0
0.626869726,1
0.634469746,1
0.574117793,0
0.553669271,0
0.507406109,1
0.554841585,1
0.521303725,0
0.506810346,1
0.52647051,0
0.499194465,0
0.557528449,1
0.554379122,1
0.529627559,1
0.587336814,0
0.560157716,0
0.522444129,1
0.527874165,0
0.510929216,0
0.608670583,0
0.516534509,1
0.548586046,1
0.591806041,1
0.580841249,1
0.497530056,0
0.503582158,0
0.562884718,0
0.529438052,1
0.532252892,0
0.559612618,1
0.509550904,0
0.541285079,1
0.562096073,0
0.616064468,1
0.638155445,1
0.516578457,1
0.501605747,1
0.520229375,0
0.572233842,0
0.514125094,0
0.537170401,0
0.595519332,0
0.511907121,0
0.631950771,1
0.533857414,1
0.607434565,0
0.602130379,1
0.495998685,0
0.570775646,1
0.508997879,0
0.578685603,0
0.546773895,1
0.607384078,0
0.587144617,0
0.595372823,0
0.516734865,0
0.51254912,0
0.510851203,1
0.622318091,1
0.559933482,0
0.614605449,0
0.592097619,1
0.547959078,1
0.531238163,1
0.575571194,0
0.564871808,1
0.509107551,1
0.589925203,0
0.631459379,1
0.619780299,1
0.62694442,0
0.616795032,0
0.533778367,0
0.556781175,0
0.511708463,0
0.49437759,1
0.566246466,1
0.614816745,1
0.623365786,0
0.600184124,1
0.497755934,1
0.501584466,0
0.560065653,1
0.606819682,0
0.58578775,0
0.542685723,1
0.569825825,0
0.503139098,1
0.550352217,1
0.578324316,1
0.605660628,0
0.604715462,1
0.63526476,0
0.584618328,1
0.573894632,0
0.601108055,0
0.498760004,0
0.527385655,0
0.5336352,0
0.59802829,0
0.538687678,0
0.521915728,1
0.505740774,1
0.522951002,1
0.489987002,1
0.587136271,1
0.617150346,0
0.579857076,1
0.589761655,1
0.543397439,0
0.581923417,1
0.559689687,1
0.600595538,0
0.633701723,1
0.603117641,1
0.604666291,1
0.598077402,0
0.501572193,1
0.59334674,0
0.541601383,1
0.525965643,1
0.598137182,0
0.594530582,0
0.583903062,0
0.631250513,0
0.508280314,1
0.60939296,0
0.515350221,1
0.546132922,1
0.606382383,0
0.618903835,1
0.606813301,1
0.60072146,0
0.523600427,0
0.518945924,0
0.530885403,0
0.576964818,1
0.494712636,1
0.550119617,1
0.622399695,0
0.634812824,0
0.496551122,0
0.629709623,0
0.519177737,0
0.519935935,0
0.591590175,1
0.630581637,0
0.513216554,0
0.581402001,0
0.54143562,0
0.535477458,1
0.485502121,1
0.510348559,1
0.533031615,0
0.613355739,1
0.558162727,1
0.509882922,0
0.592105477,1
0.617387074,0
0.636004104,1
0.583814319,0
0.561872262,0
0.600741857,0
0.537083616,1
0.584310943,1
0.627257758,0
0.499399295,0
0.5578903,1
0.614092059,1
0.525741089,1
0.500385573,1
0.632582484,0
0.582533795,1
0.516736528,0
0.552487551,1
0.572144612,0
0.517870437,0
0.515062039,1
0.619973613,1
0.560685374,0
0.506116717,0
0.588759337,1
0.545502593,0
0.582033347,1
0.57753193,1
0.496050067,0
0.498194236,0
0.542059074,1
0.508053933,0
0.575778588,1
0.525207582,0
0.545369041,1
0.50702358,0
0.591208206,1
0.500225133,0
0.524837526,1
0.50059306,0
0.509933229,1
0.559826152,1
0.512926261,0
0.530175711,0
0.534771992,1
0.557722752,0
0.550709152,0
0.616692208,0
0.573211947,1
0.560954189,0
0.634881245,0
0.497859584,1
0.607011964,0
0.501378447,0
0.599282288,1
0.589397909,1
0.59730057,0
0.569569066,1
0.614848278,1
0.528544084,1
0.596186873,1
0.562068829,0
0.540550854,1
0.559115462,0
0.527475262,0
0.502789309,0
0.630142548,0
0.606970485,1
0.555493972,1
0.504005537,1
0.554138719,1
0.528099738,1
0.581803185,0
0.565037798,0
0.491683387,0
0.518026478,0
0.516766863,0
0.530640664,1
0.609823418,1
0.624065172,0
0.531940847,0
0.599000674,1
0.560101327,0
0.564552513,0
0.543795844,1
0.514369592,1
0.506938679,0
0.518290804,0
0.496641464,0
0.594943509,0
0.589514089,0
0.609895681,1
0.576832071,0
0.624717495,1
0.51944363,0
0.53441954,0
0.595167433,1
0.589411033,0
0.579360738,0
0.541906082,1
0.597957059,1
0.560134685,0
0.519633746,1
0.554167151,1
0.564211695,0
0.609468473,0
0.599169098,1
0.6284889,0
0.582932511,1
0.58153947,0
0.558025386,0
0.557480299,0
0.529620003,1
0.556067331,0
0.558709859,0
0.514656534,1
0.583743906,0
0.52668403,0
0.540564627,0
0.562739552,1
0.597698628,0
0.522087232,1
0.585669453,0
0.607243572,0
0.512721548,1
0.491870691,0
0.63348335,1
0.619735698,0
0.500895976,0
0.499409635,0
0.569887605,0
0.529025546,1
0.57446625,0
0.57522949,1
0.633852362,1
0.620211126,0
0.60124888,0
0.543792404,1
0.515769616,1
0.526261303,1
0.634248232,1
0.594165327,0
0.520389459,1
0.630781325,0
0.53060047,1
0.620535069,1
0.592650659,1
0.612841111,1
0.517201562,0
0.583830868,0
0.525163736,1
0.522837424,0
0.603095604,1
0.568715177,0
0.564018698,1
0.494760932,1
0.568849184,1
0.578787225,0
0.619349084,1
0.506040721,0
0.56509016,1
0.52864873,0
0.587477347,0
0.52139088,0
0.613627243,1
0.553711351,1
0.522779268,0
0.607957188,0
0.499780692,1
0.524262324,0
0.589301447,0
0.566682351,1
0.538671393,1
0.584522156,1
0.579081111,1
0.597760011,1
0.540239816,1
0.562983834,1
0.521052728,1
0.605928411,0
0.630566425,1
0.558813844,1
0.529623072,1
0.552311697,1
0.614228862,0
0.599714524,0
0.621497891,0
0.570320662,1
0.561191963,0
0.627810539,1
0.574909745,1
0.580580473,0
0.562599185,0
0.570002525,0
0.567608566,0
0.521189681,0
0.559404778,1
0.555223055,0
0.556089792,1
0.52865297,0
0.560618962,1
0.607236776,0
0.615567047,0
0.594959718,1
0.592487817,0
0.513188767,1
0.515780195,0
0.621223282,0
0.571006868,1
0.513293165,0
0.535176569,1
0.536095121,1
0.525136914,1
0.584221694,1
0.614282848,0
0.57241579,0
0.581912294,1
0.524826809,0
0.622700586,1
0.516073074,1
0.628101926,1
0.622690889,0
0.516158446,0
0.628210927,0
0.511753449,1
0.543261367,0
0.546004086,1
0.518202521,1
0.570158134,1
0.615628943,0
0.625023299,1
0.512611818,1
0.509004825,0
0.530035915,0
0.546033747,0
0.592796187,1
0.600493151,1
0.568981336,1
0.626119507,1
0.555286037,1
0.5763178,1
0.614649667,1
0.624494949,1
0.618302921,0
0.501287976,0
0.612828132,0
0.580356727,1
0.529078486,1
0.499663919,1
0.569891588,0
0.570848237,1
0.572661583,0
0.534915132,0
0.514154038,1
0.528450048,1
0.597944289,1
0.50885305,0
0.599637666,1
0.587322586,0
0.580572488,1
0.576793915,1
0.61795169,0
0.533631108,0
0.54118385,0
0.561298458,0
0.500550503,0
0.596980392,0
0.571255764,0
0.573553593,1
0.55124404,1
0.51846315,1
0.612459879,1
0.51240069,0
0.592754346,0
0.578933781,1
0.589242105,0
0.578758445,0
0.62683776,0
0.580043396,1
0.618623695,1
0.51734572,0
0.629431504,1
0.553710983,0
0.567366974,1
0.503323414,1
0.553071868,1
0.616492855,1
0.600186201,0
0.58145546,0
0.584529232,1
0.508456594,1
0.52157362,1
0.510973099,1
0.603066147,1
0.628354532,0
0.62714099,0
0.560248354,0
0.620964007,1
0.534183571,1
0.558748518,0
0.612730803,1
0.595696685,1
0.538650205,1
0.537719746,1
0.504221819,0
0.500337578,1
0.506804539,1
0.583072259,0
0.573597698,1
0.634435098,0
0.526182619,0
0.527130516,0
0.556878727,1
0.498481222,0
0.522380458,0
0.612810006,0
0.592054411,0
0.632791138,0
0.542242788,0
0.532198304,1
0.599258296,0
0.553424105,0
0.49481682,0
0.546963978,0
0.625248504,1
0.551810266,1
0.50281882,0
0.55360832,0
0.529014021,0
0.522778558,0
0.532692132,0
0.544040875,0
0.514467988,0
0.56605139,1
0.608957307,1
0.592614803,0
0.586460435,0
0.573354152,1
0.606990655,1
0.525622477,0
0.505459387,0
0.504969292,0
0.577871729,0
0.555409238,1
0.586032281,1
0.552809385,1
0.622883903,0
0.54179037,0
0.616141663,0
0.508234187,1
0.541194574,0
0.633430566,1
0.50463122,1
0.528834925,1
0.6063661,1
0.539211216,1
0.583073315,0
0.590971581,0
0.54568792,0
0.551443641,1
0.599421301,1
0.510921095,0
0.530539388,0
0.494675665,1
0.584073505,0
0.558407816,1
0.515438857,1
0.491499378,0
0.626858904,1
0.605306999,1
0.518775962,1
0.566986811,1
0.634728713,1
0.612386214,1
0.502301804,0
0.631819187,0
0.502496659,1
0.524675645,0
0.508456562,1
0.495193781,0
0.568613645,1
0.554827402,1
0.500050097,0
0.493232376,0
0.558577469,1
0.501438441,0
0.488508647,0
0.548365557,1
0.508686731,1
0.629214523,1
0.494986715,1
0.587941245,1
0.502508986,1
0.586081743,0
0.612704544,1
0.524802753,1
0.507728575,1
0.536989813,1
0.496364543,0
0.628473278,0
0.608359071,1
0.569586904,1
0.580676205,1
0.512783585,1
0.629475938,0
0.561296368,0
0.614540815,1
0.56646735,0
0.629619955,0
0.50568234,0
0.629073286,1
0.613522209,1
0.633109943,1
0.523244458,1
0.494729221,0
0.545375526,0
0.504649396,1
0.565217211,1
0.543042183,1
0.610927014,1
0.519909468,0
0.587843785,1
0.534816155,0
0.529189623,1
0.527358726,1
0.617851861,1
0.58762655,1
0.593034238,1
0.499609617,0
0.495195872,1
0.528431288,0
0.60020151,1
0.620028565,0
0.56147824,0
0.628152906,1
0.627796645,0
0.516943693,0
0.63277181,1
0.583867024,1
0.578130813,0
0.521734035,1
0.554863901,0
0.573656672,0
0.524576123,0
0.622630711,0
0.531697867,1
0.570740488,0
0.544236301,1
0.521427696,0
0.585717545,0
0.624311152,1
0.58690471,0
0.59071238,0
0.62845629,1
0.514122521,0
0.630772785,0
0.508894856,1
0.622824043,1
0.550891111,1
0.613296947,1
0.551033698,1
0.497381392,1
0.621562997,0
0.530601514,0
0.584421016,1
0.510009391,1
0.582844939,1
0.575868633,0
0.503085476,0
0.522360054,1
0.505389673,1
0.619213377,1
0.578408984,0
0.563647783,0
0.569826765,1
0.612264398,0
0.528837211,0
0.601338078,0
0.574440407,1
0.577968533,0
0.613151572,0
0.570751701,0
0.634959993,1
0.516172798,0
0.618363832,0
0.631758522,1
0.504315254,0
0.607222679,0
0.585672548,1
0.497296143,1
0.534659475,0
0.536686145,0
0.55766302,0
0.527578906,1
0.573704928,1
0.53617528,0
0.536582194,0
0.503653168,1
0.513090109,1
0.569028042,0
0.598834672,1
0.513592799,0
0.589680406,0
0.556358881,0
0.511096185,1
0.58403583,1
0.578328823,1
0.503854395,1
0.498942865,0
0.524431654,0
0.560401638,1
0.586793859,0
0.625686213,1
0.604681519,0
0.616981629,0
0.591136422,1
0.556910955,0
0.508013255,1
0.511908507,1
0.592675394,0
0.507162342,0
0.597973496,0
0.519727705,1
0.529461118,1
0.608152601,0
0.632520651,1
0.541274478,0
0.634820037,1
0.532847513,1
0.583442319,1
0.532506323,0
0.626620963,0
0.558563387,0
0.499399384,1
0.588378577,0
0.606821665,0
0.511315993,1
0.588856201,0
0.556695141,1
0.583375356,0
0.503797076,0
0.604219224,0
0.602448856,0
0.588726954,1
0.45827534,1
0.526684945,1
0.62791595,0
0.625338009,0
0.60782941,1
0.608428637,1
0.500097576,0
0.562355633,0
0.502067825,1
0.494791854,0
0.587195847,1
0.510469418,0
0.51461257,0
0.591247871,1
0.624529061,1
0.551211678,0
0.503717833,0
0.495973194,0
0.600284444,0
0.533711714,0
0.556411452,0
0.520512576,0
0.511910426,1
0.531072832,1
0.576777795,1
0.619848562,0
0.545087474,1
0.537381731,0
0.498964148,1
0.609993619,1
0.512002429,0
0.594782351,1
0.509331711,0
0.601873026,0
0.543643815,1
0.503231157,0
0.614349322,1
0.510931433,0
0.491590924,1
0.604660753,1
0.495261082,0
0.582223862,0
0.540966687,0
0.523385686,0
0.507680014,0
0.506497266,1
0.58321145,1
0.514591889,1
0.548146231,1
0.505097671,1
0.502947711,0
0.589509914,0
0.576845508,1
0.497349582,0
0.623450452,1
0.573074123,0
0.5720406,1
0.496949779,0
0.533401245,1
0.553034806,0
0.622266485,1
0.577404476,0
0.524190019,0
0.518443131,1
0.531568642,0
0.526169786,1
0.54279679,1
0.531382324,0
0.517388088,1
0.547066821,1
0.554435934,1
0.49305204,0
0.547367817,1
0.601312663,0
0.578259091,1
0.604632226,0
0.506674136,1
0.556103457,0
0.581605336,1
0.628302081,1
0.573016861,0
0.525730243,0
0.545252543,1
0.507342697,0
0.615636908,0
0.544421468,1
0.546983203,0
0.512407277,0
0.540351867,0
0.627686157,0
0.543815439,1
0.517332217,1
0.541344899,0
0.491866917,0
0.581590916,0
0.575669378,1
0.601752677,1
0.627955484,1
0.577957224,0
0.63061074,1
0.576263844,0
0.515586562,0
0.524165955,1
0.544280012,1
0.609198414,0
0.506019179,0
0.600467813,0
0.599181323,0
0.545340399,1
0.51458508,1
0.565043377,0
0.492624815,0
0.522548005,0
0.520525998,1
0.610529342,1
0.547478883,1
0.608425555,1
0.617160107,1
0.557898936,1
0.53038188,0
0.615434354,0
0.547965143,1
0.582854675,1
0.547448545,0
0.56618044,1
0.557622979,0
0.489486351,1
0.558792284,1
0.548150077,1
0.522403514,0
0.515223205,1
0.572903974,1
0.57018631,0
0.543954255,0
0.571140261,1
0.569360018,0
0.596193316,1
0.605627178,1
0.611464839,0
0.524707629,0
0.61522055,1
0.613567703,1
0.560651268,1
0.615572474,1
0.509326309,1
0.499338158,0
0.551063477,0
0.550349422,1
0.584494986,0
0.562170623,0
0.495970035,0
0.535810893,1
0.535522492,1
0.563652837,1
0.60638347,1
0.51128138,0
0.496682777,0
0.553650958,0
0.536997489,1
0.519914335,1
0.631221794,1
0.568697958,1
0.499698412,0
0.615640273,1
0.508814055,1
0.503396068,1
0.621674376,1
0.530329533,0
0.612441224,0
0.557250661,0
0.530513399,0
0.509721215,0
0.620138806,1
0.580767067,1
0.508752248,1
0.512812656,1
0.599379938,1
0.602040341,0
0.574288557,0
0.501587644,0
0.497869348,1
0.545472139,1
0.511765669,0
0.564869462,1
0.59845597,1
0.578938778,1
0.51835077,0
0.619894655,1
0.574979014,0
0.504150596,1
0.591229856,0
0.508393758,0
0.516049578,1
0.512559436,1
0.508791429,1
0.514665914,0
0.52172086,0
0.511993964,0
0.552653621,1
0.506666032,1
0.543872706,1
0.620028809,0
0.553174738,0
0.544580424,0
0.560103666,1
0.626439358,1
0.632447964,0
0.50251072,0
0.586715021,1
0.496930121,1
0.538480666,1
0.594692325,1
0.54589194,0
0.515851612,0
0.629185605,1
0.48914046,0
0.618698624,0
0.582060563,0
0.620967117,0
0.581356369,1
0.509089202,0
0.517921958,1
0.560478398,0
0.607214707,1
0.501685575,0
0.605673938,0
0.533598042,0
0.618064907,1
0.554410421,1
0.569566821,0
0.614150652,1
0.512033742,1
0.545826272,1
0.510401616,0
0.61925841,1
0.585056123,1
0.527070457,0
0.512199834,0
0.501277095,1
0.524702409,1
0.525690767,0
0.625700309,0
0.556277234,1
0.550990735,1
0.525226498,1
0.604553963,1
0.581938391,0
0.565396493,1
0.6001504,1
0.628086919,0
0.629001794,1
0.591293756,0
0.631677857,0
0.505756968,1
0.517867293,1
0.603062163,0
0.523596708,0
0.553315927,0
0.607662618,0
0.613103715,0
0.592101719,0
0.576311754,1
0.613326532,1
0.508519933,0
0.540931582,1
0.58923549,1
0.572274646,0
0.528460495,1
0.588656957,0
0.527103465,0
0.521611619,1
0.588689654,1
0.510323809,1
0.542295164,0
0.591411329,1
0.495083917,0
0.583115313,0
0.534250588,0
0.499246197,0
0.602252817,0
0.617462231,0
0.490140357,0
0.546218433,1
0.613389796,0
0.559178355,1
0.594045192,0
0.520970759,0
0.636878976,1
0.573737496,1
0.521324217,1
0.539596339,1
0.624517444,1
0.534791154,0
0.559855541,0
0.498330693,1
0.599186118,0
0.586311982,0
0.544655795,0
0.538336497,0
0.61397464,1
0.551001988,1
0.606894148,0
0.513169708,1
0.610900717,1
0.585831083,1
0.530184941,0
0.55937912,0
0.56523728,0
0.522441701,1
0.547864702,0
0.506665818,0
0.607443633,0
0.608910626,0
0.515693663,0
0.633156206,1
0.600199775,1
0.518885112,0
0.532032951,0
0.500363371,1
0.505774001,0
0.532912623,1
0.533305173,1
0.507824141,1
0.514010634,1
0.530382706,0
0.595863885,0
0.560050023,0
0.635789805,0
0.579349698,1
0.534625575,0
0.500031069,1
0.550611373,1
0.51608789,1
0.634397102,0
0.596558146,0
0.51497436,1
0.578156888,1
0.545051838,1
0.546624824,1
0.515341496,1
0.539005778,0
0.523191292,1
0.49641226,0
0.506360011,1
0.618658352,1
0.534509914,1
0.616064235,1
0.554321274,0
0.624689942,0
0.546645294,1
0.624407825,1
0.513806388,0
0.625275001,0
0.555063355,1
0.509444354,1
0.580413787,0
0.517030556,0
0.541457158,0
0.515469452,1
0.574847734,0
0.61780831,1
0.504425074,0
0.569443416,1
0.594503326,0
0.620753324,1
0.538232241,1
0.578140638,1
0.543434623,0
0.493671008,0
0.619163165,0
0.544747787,0
0.516754525,0
0.507398119,0
0.630104841,1
0.628966289,1
0.596453661,1
0.55778364,1
0.632273219,0
0.607499101,0
0.546056008,1
0.59126322,0
0.54069056,0
0.576883783,0
0.526198262,1
0.569980608,1
0.584519932,1
0.534280541,1
0.527760241,0
0.625863655,1
0.581879548,0
0.555210054,0
0.502692282,0
0.49682617,1
0.566795735,0
0.513100075,0
0.533719461,0
0.625945283,0
0.624851402,1
0.610587402,1
0.619207372,0
0.519963972,0
0.50521465,0
0.543540961,1
0.556908861,1
0.543839585,0
0.606929246,0
0.574302139,1
0.523844534,0
0.503221723,0
0.624463331,1
0.558280367,1
0.51609558,0
0.520133785,1
0.530815645,1
0.504618598,0
0.518772391,0
0.572052624,1
0.614147626,1
0.496306587,0
0.550314411,0
0.511994342,0
0.50071733,1
0.553062837,0
0.580399289,1
0.613083663,1
0.58716192,0
0.576818195,0
0.59688844,1
0.553104777,1
0.56848863,1
0.533823664,1
0.528203482,0
0.606598056,1
0.583590726,1
0.514054013,0
0.618865456,0
0.573691136,0
0.622871715,1
0.508754263,1
0.635080868,0
0.578988473,1
0.563740109,0
0.516417297,1
0.496393094,0
0.529203358,0
0.554899183,1
0.493634617,1
0.542976966,1
0.525403747,0
0.536124757,0
0.51838198,1
0.625417058,0
0.598372048,0
0.561908762,0
0.499542376,1
0.507940459,1
0.611006264,1
0.520763759,0
0.497077987,1
0.623735586,0
0.498113826,1
0.554047981,0
0.61440445,1
0.584351992,1
0.606718978,0
0.591653893,1
0.605109919,1
0.537897567,0
0.551527263,1
0.597940164,0
0.61149534,0
0.499050609,1
0.586464553,1
0.556512264,0
0.499355722,1
0.533434701,0
0.521064282,0
0.493937608,0
0.626467784,1
0.593030551,0
0.492885604,0
0.623698704,0
0.558140733,0
0.544340004,1
0.509685314,1
0.599084725,1
0.510785805,0
0.586114757,0
0.503636093,1
0.566852235,0
0.565557007,1
0.594192019,1
0.506540326,0
0.507207155,0
0.507676861,1
0.617717447,1
0.522790294,0
0.61095967,0
0.534624379,1
0.516632176,0
0.517155988,0
0.567040774,0
0.536263887,0
0.621692837,1
0.614812468,1
0.593450368,0
0.554980822,0
0.617108692,1
0.525136579,1
0.505191546,0
0.576950049,0
0.5637283,1
0.512343575,0
0.532648152,1
0.523000406,0
0.555497325,0
0.553940149,1
0.518737714,0
0.521120518,0
0.604089809,0
0.620766004,1
0.605109647,1
0.494978086,1
0.574175208,1
0.492255098,1
0.622953373,1
0.494771816,0
0.62310754,0
0.634260171,1
0.626917487,0
0.599601194,0
0.631302263,0
0.575996823,0
0.618375898,1
0.609153482,1
0.53367782,1
0.507248372,0
0.603921505,0
0.589859376,0
0.626140415,0
0.516034437,0
0.626249812,0
0.50907464,0
0.626635289,0
0.507175392,1
0.60678527,1
0.555292891,1
0.550022571,0
0.619265238,1
0.633696222,0
0.518976904,0
0.494537024,1
0.524828889,0
0.532027794,0
0.558177505,0
0.50284946,0
0.523683324,0
0.574566587,1
0.50908484,0
0.532065893,0
0.537512242,0
0.583783777,1
0.574150826,0
0.496430427,1
0.536917373,1
0.546064249,1
0.503681894,0
0.536015365,1
0.631448221,1
0.528390768,1
0.498413562,1
0.62373405,1
0.592270405,0
0.529066698,0
0.620825612,1
0.521836304,1
0.577353177,0
0.61302528,0
0.594409417,0
0.620638423,1
0.509702963,1
0.618371309,1
0.631791708,1
0.512964822,0
0.53077775,0
0.610765942,0
0.628757351,1
0.536372928,1
0.528201588,1
0.507782406,1
0.52262693,1
0.523041483,1
0.624520457,1
0.494348826,0
0.576669568,0
0.5244112,1
0.529894469,0
0.515972717,0
0.510488595,0
0.609872451,0
0.620752185,0
0.624303172,1
0.495333427,0
0.55720292,0
0.585997066,0
0.538787972,1
0.527059939,1
0.510224166,0
0.624852968,1
0.543631501,0
0.539862243,1
0.510315714,0
0.630195805,1
0.596362293,1
0.589569811,0
0.500803012,1
0.506351511,0
0.628407062,0
0.594795018,0
0.505721847,0
0.596114628,0
0.579816297,0
0.623668699,0
0.601186203,1
0.510308007,0
0.603464209,0
0.558118817,1
0.553190001,1
0.491395092,0
0.602560532,0
0.616737235,0
0.635385863,0
0.604603739,0
0.595608758,1
0.49565391,0
0.605787202,0
0.612110517,1
0.498795549,0
0.601181802,1
0.622897608,0
0.541709044,1
0.528906516,0
0.608355776,1
0.496555237,0
0.59686341,1
0.551662127,0
0.627522478,1
0.504049339,0
0.530027759,0
0.528824874,0
0.535811518,0
0.514326306,1
0.632671906,0
0.62957806,1
0.492829631,1
0.521638537,0
0.566085121,0
0.511562167,1
0.606799065,1
0.576384766,0
0.495153323,0
0.504656733,1
0.606994855,1
0.521616158,0
0.555110108,0
0.510322396,1
0.548141833,0
0.597727102,0
0.526272301,0
0.616094276,1
0.503848483,0
0.516107436,0
0.610364492,1
0.622248857,0
0.499880643,0
0.595091531,1
0.617042737,1
0.620002911,0
0.592982854,0
0.598145167,0
0.5950021,1
0.524341922,1
0.520322468,1
0.547368449,1
0.551597922,1
0.542128747,0
0.628592339,1
0.538275095,1
0.530794007,1
0.510653355,0
0.615727023,1
0.586052011,1
0.534437494,0
0.528493917,1
0.631696545,0
0.578438295,1
0.561332502,1
0.606631212,0
0.557576354,0
0.628213687,1
0.495948518,1
0.619336528,0
0.634302574,0
0.570175309,1
0.617153505,0
0.563885112,0
0.498991477,1
0.632159796,1
0.544870486,0
0.493750686,0
0.596839633,0
0.506915252,0
0.632518096,0
0.517842457,1
0.629224414,1
0.634376857,1
0.529595312,1
0.629501279,1
0.595120761,0
0.497813862,0
0.598317235,1
0.610553994,0
0.547938114,1
0.520014988,0
0.567435386,1
0.523341715,0
0.59195483,1
0.573231732,0
0.522191456,0
0.625305207,1
0.597660513,1
0.540282654,0
0.521640956,0
0.546150238,0
0.509333952,0
0.577359022,0
0.60366908,0
0.596380082,0
0.569216168,0
0.625254159,1
0.521279313,1
0.606576087,0
0.627213059,0
0.614574713,1
0.534366155,0
0.591776577,0
0.57880639,0
0.540480977,0
0.60086142,1
0.585528214,1
0.541334272,1
0.503395365,0
0.522574665,0
0.578941156,1
0.532927657,0
0.611530382,0
0.598497809,1
0.526487801,1
0.53250496,1
0.527061685,1
0.555787808,0
0.623957279,1
0.564673694,1
0.554421107,0
0.591743556,1
0.582325151,1
0.532122738,0
0.557289735,0
0.526105958,1
0.600757903,0
0.554721169,0
0.507410223,1
0.499625863,1
0.559409586,0
0.612666139,1
0.608868021,0
0.542579432,0
0.529325417,0
0.48680182,1
0.496511222,0
0.505195148,0
0.555220506,1
0.558054498,1
0.604222071,0
0.625599417,0
0.600735753,1
0.622020476,1
0.580598737,0
0.57358773,0
0.555019133,1
0.57647501,0
0.585361153,1
0.614082528,0
0.505326868,1
0.497807306,0
0.581757145,0
0.634129226,1
0.580600434,0
0.580605858,1
0.607216657,1
0.626440236,1
0.509491616,0
0.568123264,0
0.566708277,1
0.57532815,1
0.532095541,0
0.607978211,0
0.576477835,1
0.511384941,1
0.633484588,1
0.582640608,1
0.525557697,1
0.629843734,1
0.628577818,0
0.614492466,1
0.538867897,0
0.535105049,0
0.560664421,0
0.509347794,0
0.499661811,0
0.511202101,1
0.533216638,1
0.633083254,1
0.515973832,0
0.54168427,1
0.605953705,1
0.582319092,1
0.560348279,1
0.568039698,0
0.610877959,1
0.556975215,0
0.508549936,0
0.510233346,1
0.522228848,0
0.577009459,1
0.623528554,1
0.593337363,1
0.611961822,1
0.560004098,1
0.620127997,1
0.596586541,1
0.58713836,1
0.549055647,1
0.582388152,1
0.584275003,0
0.510958366,1
0.527524577,1
0.533366209,1
0.628970648,0
0.512810404,1
0.536213729,0
0.607677727,1
0.548476134,1
0.589806589,1
0.547964504,1
0.62905112,1
0.577806435,0
0.625997521,0
0.523119335,1
0.551780564,1
0.495872514,0
0.612887153,0
0.508944954,0
0.496369227,1
0.56422217,1
0.607625832,0
0.535838467,0
0.63205487,1
0.53136843,1
0.571042037,1
0.577794699,1
0.6057554,1
0.542083106,1
0.557650355,0
0.578897102,1
0.526030652,0
0.609716685,1
0.633809814,0
0.623004219,1
0.503279321,1
0.61774852,1
0.512340649,1
0.498298874,1
0.516952453,1
0.62273333,0
0.549133769,0
0.592444842,1
0.582374945,0
0.547123591,0
0.581408254,1
0.526339324,1
0.618689525,1
0.519673953,1
0.557811559,1
0.540840394,0
0.597637256,0
0.615383351,0
0.53553643,0
0.601087459,0
0.558667548,0
0.579879605,0
0.541783008,1
0.541971863,0
0.546053634,1
0.528633327,0
0.515345502,1
0.565040685,1
0.59951964,0
0.509427189,0
0.530974602,0
0.549439789,1
0.507925531,0
0.506338537,0
0.625843419,1
0.621776479,1
0.617614893,0
0.494717549,0
0.522263692,0
0.616403486,1
0.507191136,1
0.511106524,1
0.535076283,1
0.506584717,0
0.547966506,0
0.517732311,1
0.510123168,1
0.566162802,0
0.591645075,0
0.626076944,1
0.518104239,1
0.516764965,1
0.585625854,1
0.554076368,0
0.545809068,1
0.580360362,0
0.595253477,0
0.514709397,0
0.496207968,1
0.5642826,1
0.561456315,0
0.575979817,1
0.523848444,0
0.544420192,1
0.609238815,0
0.499096392,1
0.563489632,0
0.527456134,0
0.543889937,0
0.632140516,0
0.494360873,0
0.574616815,1
0.523482572,1
0.602630353,1
0.553812763,1
0.496968633,0
0.576557225,1
0.630168483,1
0.625459581,1
0.568963728,1
0.610353499,0
0.614631699,0
0.594811678,0
0.565808115,0
0.635490562,0
0.613533685,0
0.54513778,1
0.572505483,0
0.630802805,0
0.506108185,1
0.62631509,1
0.631609683,0
0.582940937,0
0.534088139,1
0.550034936,1
0.588274572,0
0.579838985,0
0.52015436,1
0.579316905,1
0.505954335,0
0.593321534,0
0.551452243,0
0.557999597,0
0.497981008,0
0.494632237,0
0.587190698,0
0.532847957,0
0.589034236,1
0.500454034,0
0.565531023,0
0.54416202,0
0.507421815,0
0.616739974,1
0.611431786,1
0.590568483,0
0.550735802,1
0.509550592,0
0.535181259,1
0.422888813,0
0.542897951,1
0.613769073,1
0.604086714,1
0.581022839,1
0.566282951,0
0.528516904,0
0.569817027,0
0.556096153,0
0.618782606,0
0.531219194,1
0.595878264,0
0.57827659,0
0.574141998,0
0.539974091,1
0.547549365,0
0.594939037,1
0.511357779,0
0.514443075,1
0.630887816,1
0.550085747,1
0.631871869,0
0.598223442,0
0.490741803,0
0.637142889,1
0.62726062,0
0.588829841,1
0.623024456,1
0.568538869,0
0.552877033,1
0.51010069,0
0.541285691,1
0.545629822,1
0.543284708,1
0.595626417,1
0.526493454,1
0.633338314,1
0.59219669,0
0.582082692,0
0.588487985,1
0.540064774,1
0.521222932,1
0.583230439,0
0.533994022,1
0.60106108,0
0.570046291,0
0.614013639,1
0.632334661,0
0.548910614,0
0.567119931,1
0.579901695,1
0.575192548,0
0.51991849,1
0.528573623,0
0.521561673,1
0.528149285,0
0.534195297,1
0.523530968,0
0.624031959,1
0.55150096,0
0.601469229,1
0.536752698,1
0.547214702,1
0.735291904,1
0.626025275,1
0.607592163,1
0.55066013,0
0.607632108,0
0.522402421,0
0.586833259,1
0.58200103,1
0.56946685,0
0.586464338,1
0.523965277,1
0.54515733,1
0.495282186,1
0.527186597,0
0.595817887,0
0.608374124,0
0.621709832,0
0.522368173,0
0.623728641,1
0.488313966,1
0.566453832,1
0.626702625,0
0.620887139,1
0.613846546,1
0.591752014,1
0.529015665,0
0.571274721,1
0.584327919,0
0.491955316,0
0.629425827,0
0.507525815,0
0.602926133,1
0.555192205,1
0.604498784,0
0.60955227,1
0.5069906,1
0.491005773,0
0.630200046,1
0.624273306,1
0.509946402,1
0.544140394,1
0.618908222,1
0.628064175,1
0.58948344,1
0.575859994,1
0.51190883,1
0.624247862,1
0.509031088,1
0.606104615,0
0.536907989,0
0.548325801,0
0.560250426,1
0.497518223,0
0.523678007,1
0.5983184,1
0.519465412,1
0.578492714,1
0.529347625,0
0.510789965,1
0.623927784,1
0.618548197,1
0.499916351,0
0.518020928,0
0.562278042,0
0.599766763,1
0.502428964,1
0.593106397,0
0.620436672,0
0.578550482,0
0.606027475,0
0.558698168,1
0.513836791,0
0.551487308,1
0.536973559,0
0.492484138,1
0.579817672,0
0.582144562,1
0.50725832,0
0.602835474,1
0.544316697,0
0.630316374,0
0.40328799,0
0.519537836,1
0.499712169,1
0.57428889,1
0.612126809,1
0.498524366,0
0.621896107,1
0.627376991,0
0.637201119,0
0.537183407,1
0.526797229,0
0.63314129,1
0.592849214,1
0.617110132,1
0.533978444,0
0.612863652,1
0.593337462,0
0.550612878,0
0.612676758,1
0.627453896,0
0.581589624,1
0.609892859,0
0.627402196,0
0.608315294,1
0.490470928,1
0.516003949,1
0.528373668,0
0.546919729,1
0.33052506,0
0.497948362,1
0.569297095,1
0.574411207,0
0.627230315,1
0.631411932,1
0.602647024,0
0.512586772,0
0.583057021,0
0.551340314,1
0.541098089,1
0.63597643,0
0.518006188,1
0.508561478,0
0.522736624,0
0.523027422,0
0.526720416,1
0.504360688,0
0.517372124,0
0.516700054,1
0.601212351,0
0.575626901,0
0.526957027,1
0.569127682,0
0.565186078,0
0.505954872,0
0.513886998,0
0.571813197,1
0.612604435,0
0.499546877,0
0.523574921,0
0.51129574,0
0.513370108,0
0.508842124,0
0.506880336,0
0.547348284,1
0.556398564,0
0.606879892,1
0.511627773,0
0.574348949,0
0.528749142,0
0.617190156,1
0.635582355,0
0.541932508,1
0.59331728,1
0.627260862,1
0.594757457,0
0.505163406,0
0.591257861,0
0.495412911,0
0.561168659,1
0.515774888,0
0.604507507,1
0.498794864,0
0.600894784,0
0.55143483,0
0.511275751,0
0.50752902,0
0.5271312,0
0.519060782,0
0.514199393,0
0.531423425,0
0.621107779,1
0.558701033,1
0.548201858,0
0.558588044,0
0.512782306,0
0.595272709,0
0.540392371,1
0.607393676,1
0.539477917,0
0.37081699,0
0.598107564,1
0.490183953,1
0.514906613,1
0.56370314,0
0.514096712,1
0.544657164,0
0.585028443,0
0.506730835,0
0.624626338,0
0.593439035,1
0.517512345,1
0.620447818,1
0.526296233,0
0.569316993,1
0.534047944,0
0.552088735,1
0.576933418,0
0.52225082,1
0.506822402,0
0.590253473,0
0.528255674,1
0.632905823,1
0.534203211,0
0.561687956,0
0.537346782,1
0.558473411,1
0.613764245,1
0.219599583,0
0.618445734,0
0.526453297,0
0.55921677,1
0.628998986,0
0.567971569,1
0.624589464,0
0.614146375,0
0.579377874,1
0.583303811,1
0.557371123,1
0.572099899,1
0.622509881,0
0.524927814,1
0.518167688,0
0.606468767,1
0.582270215,1
0.501379493,1
0.503582176,0
0.526005977,1
0.530978825,0
0.523737417,1
0.52233361,1
0.518985732,0
0.52641059,1
0.620163252,1
0.618037741,1
0.543134981,1
0.503787234,0
0.538113918,1
0.6324001,0
0.494646406,0
0.564389817,1
0.455157686,0
0.52084922,0
0.372813466,0
0.504514437,0
0.634371879,1
0.526624736,0
0.632124974,0
0.616882347,1
0.610014484,0
0.501567334,0
0.565628539,1
0.546387634,0
0.539295523,1
0.613279675,0
0.591983038,1
0.597722355,0
0.583087221,1
0.587321717,0
0.614921718,1
0.547652535,0
0.495881725,1
0.549337493,0
0.600536881,0
0.614129208,1
0.615823723,1
0.603758579,0
0.546276557,0
0.634157296,1
0.496753072,1
0.579520806,0
0.499625848,0
0.610982302,0
0.530841741,1
0.698014905,1
0.617163839,1
0.624949156,1
0.485823334,0
0.524975668,1
0.616741789,0
0.564368616,0
0.62105702,1
0.630924749,0
0.55336524,1
0.556273136,1
0.587986996,0
0.505459624,0
0.526927037,1
0.519984474,0
0.566642927,1
0.590755388,0
0.622048764,1
0.596336218,1
0.492570869,1
0.502761407,1
0.528924685,0
0.622092839,0
0.512679476,0
0.502656117,0
0.630907765,1
0.625560738,0
0.502636887,1
0.615842091,0
0.518482325,0
0.501436806,0
0.510389057,0
0.496023765,0
0.501343759,0
0.538590547,1
0.631051079,1
0.559831535,1
0.419398997,0
0.24494294,0
0.39218403,0
0.505946073,1
0.510460037,1
0.620892456,1
0.533124656,0
0.506073862,0
0.574055465,0
0.580987446,0
0.497762183,1
0.600582914,0
0.540627432,1
0.568027701,1
0.554753311,1
0.631044063,0
0.583976092,1
0.497654155,0
0.625201411,1
0.509462481,0
0.521098965,0
0.598924205,1
0.506333401,0
0.59521126,0
0.543177051,1
0.595434887,0
0.502920364,0
0.555440081,0
0.636148905,1
0.50061279,0
0.526792445,0
0.595277146,1
0.517658731,1
0.512236331,0
0.528324548,1
0.627359832,1
0.545144749,1
0.529670181,1
0.60475412,0
0.386355755,0
0.524743011,1
0.569044275,0
0.545355203,1
0.543756909,1
0.519112328,1
0.586894518,1
0.620344484,1
0.505413792,1
0.310370025,0
0.606292796,1
0.593830508,1
0.606640089,1
0.624374212,1
0.633935554,0
0.504914239,0
0.509117907,0
0.589485854,1
0.551276205,1
0.595798995,1
0.528904761,1
0.612271227,1
0.55948722,0
0.508696934,0
0.615857805,1
0.522696296,1
0.572948997,0
0.509235154,0
0.552118447,0
0.537864204,1
0.614209849,1
0.608660584,1
0.568709695,0
0.540096586,1
0.556146069,1
0.357695738,0
0.542844631,1
0.61592657,1
0.602814623,1
0.575663789,1
0.528106845,1
0.626302219,1
